[
  {
    "strategy_name":"range_mean_reversion",
    "asset":"ADAUSDT",
    "timeframe":"1h",
    "mode":"balanced",
    "use_router":true,
    "position_pct":15.0,
    "risk_pct":1.0,
    "reward_rr":null,
    "candles_available":7877,
    "total_candles":7827,
    "final_equity":97.1916411092,
    "total_return_pct":-2.8083588908,
    "total_trades":226,
    "winrate":52.7,
    "sharpe":-0.8,
    "max_dd":9.2171727231,
    "max_dd_pct":8.7800894745,
    "regime_changes":242,
    "expectancy_R":-0.0096821714,
    "avg_R_win":0.5060561281,
    "avg_R_loss":-0.5832602802,
    "winrate_pct":52.6548672566,
    "lossrate_pct":47.3451327434,
    "mean_return_pct":-0.0635795922,
    "volatility_pct":5.2535633418,
    "sortino":-0.0131671759,
    "mar":-0.3235669941,
    "max_dd_pct_report":8.7800894745,
    "reg_trending_up_candles":1344,
    "reg_trending_up_candles_frac":0.1717133001,
    "reg_trending_up_pnl_pct":-0.6295885831,
    "reg_trending_up_trades":12,
    "reg_trending_up_winrate":25.0,
    "reg_trending_up_expectancy_R":-0.0527509701,
    "reg_trending_up_avg_R_win":0.7533731706,
    "reg_trending_up_avg_R_loss":-0.321459017,
    "reg_trending_down_candles":1778,
    "reg_trending_down_candles_frac":0.2271623866,
    "reg_trending_down_pnl_pct":-0.2130199567,
    "reg_trending_down_trades":44,
    "reg_trending_down_winrate":50.0,
    "reg_trending_down_expectancy_R":-0.0045256139,
    "reg_trending_down_avg_R_win":0.4593381572,
    "reg_trending_down_avg_R_loss":-0.468389385,
    "reg_ranging_candles":4705,
    "reg_ranging_candles_frac":0.6011243133,
    "reg_ranging_pnl_pct":-1.965750351,
    "reg_ranging_trades":170,
    "reg_ranging_winrate":55.2941176471,
    "reg_ranging_expectancy_R":-0.0079766593,
    "reg_ranging_avg_R_win":0.5090970241,
    "reg_ranging_avg_R_loss":-0.6475151626,
    "regime_std":0.0219654618,
    "regime_cv":0.2196546179,
    "worst_regime_E":-0.0527509701,
    "trade_density":0.0288744091,
    "expectancy_per_dd":-0.1102741769,
    "stability_score":0.2049760615,
    "fitness_score":-0.0019846134
  },
  {
    "strategy_name":"range_mean_reversion",
    "asset":"BTCUSDT",
    "timeframe":"1h",
    "mode":"balanced",
    "use_router":true,
    "position_pct":15.0,
    "risk_pct":1.0,
    "reward_rr":null,
    "candles_available":8100,
    "total_candles":8050,
    "final_equity":93.5922582537,
    "total_return_pct":-6.4077417463,
    "total_trades":191,
    "winrate":49.7,
    "sharpe":-5.66,
    "max_dd":8.8461169805,
    "max_dd_pct":8.6764662217,
    "regime_changes":262,
    "expectancy_R":-0.0343983868,
    "avg_R_win":0.2247337911,
    "avg_R_loss":-0.2908312712,
    "winrate_pct":49.7382198953,
    "lossrate_pct":50.2617801047,
    "mean_return_pct":-0.2258827401,
    "volatility_pct":2.6424565602,
    "sortino":-0.0749681455,
    "mar":-0.7489321353,
    "max_dd_pct_report":8.6764662217,
    "reg_trending_up_candles":1579,
    "reg_trending_up_candles_frac":0.1961490683,
    "reg_trending_up_pnl_pct":-0.1112992467,
    "reg_trending_up_trades":3,
    "reg_trending_up_winrate":33.3333333333,
    "reg_trending_up_expectancy_R":-0.0395491027,
    "reg_trending_up_avg_R_win":0.0435543105,
    "reg_trending_up_avg_R_loss":-0.0811008092,
    "reg_trending_down_candles":1827,
    "reg_trending_down_candles_frac":0.2269565217,
    "reg_trending_down_pnl_pct":1.3087268747,
    "reg_trending_down_trades":20,
    "reg_trending_down_winrate":60.0,
    "reg_trending_down_expectancy_R":0.0707393292,
    "reg_trending_down_avg_R_win":0.3045466323,
    "reg_trending_down_avg_R_loss":-0.2799716256,
    "reg_ranging_candles":4644,
    "reg_ranging_candles_frac":0.5768944099,
    "reg_ranging_pnl_pct":-7.6051693742,
    "reg_ranging_trades":168,
    "reg_ranging_winrate":48.8095238095,
    "reg_ranging_expectancy_R":-0.0468228045,
    "reg_ranging_avg_R_win":0.215263369,
    "reg_ranging_avg_R_loss":-0.2967189234,
    "regime_std":0.0537869255,
    "regime_cv":0.5378692552,
    "worst_regime_E":-0.0468228045,
    "trade_density":0.0237267081,
    "expectancy_per_dd":-0.3964561831,
    "stability_score":0.162562584,
    "fitness_score":-0.0055918906
  },
  {
    "strategy_name":"range_mean_reversion",
    "asset":"XRPUSDT",
    "timeframe":"1h",
    "mode":"balanced",
    "use_router":true,
    "position_pct":15.0,
    "risk_pct":1.0,
    "reward_rr":null,
    "candles_available":7788,
    "total_candles":7738,
    "final_equity":101.2409918402,
    "total_return_pct":1.2409918402,
    "total_trades":212,
    "winrate":50.5,
    "sharpe":0.78,
    "max_dd":16.5109431416,
    "max_dd_pct":14.2058920143,
    "regime_changes":242,
    "expectancy_R":0.0083767623,
    "avg_R_win":0.5062902829,
    "avg_R_loss":-0.4990208254,
    "winrate_pct":50.4716981132,
    "lossrate_pct":49.5283018868,
    "mean_return_pct":0.0550074059,
    "volatility_pct":4.666143119,
    "sortino":0.0124186384,
    "mar":0.0883924222,
    "max_dd_pct_report":14.2058920143,
    "reg_trending_up_candles":1501,
    "reg_trending_up_candles_frac":0.193977772,
    "reg_trending_up_pnl_pct":-0.0296881989,
    "reg_trending_up_trades":9,
    "reg_trending_up_winrate":33.3333333333,
    "reg_trending_up_expectancy_R":0.0224759654,
    "reg_trending_up_avg_R_win":1.0645328402,
    "reg_trending_up_avg_R_loss":-0.498552472,
    "reg_trending_down_candles":1847,
    "reg_trending_down_candles_frac":0.2386921685,
    "reg_trending_down_pnl_pct":2.7035103958,
    "reg_trending_down_trades":37,
    "reg_trending_down_winrate":59.4594594595,
    "reg_trending_down_expectancy_R":0.0696296535,
    "reg_trending_down_avg_R_win":0.4600071534,
    "reg_trending_down_avg_R_loss":-0.5029240129,
    "reg_ranging_candles":4390,
    "reg_ranging_candles_frac":0.5673300594,
    "reg_ranging_pnl_pct":-1.4328303567,
    "reg_ranging_trades":166,
    "reg_ranging_winrate":49.3975903614,
    "reg_ranging_expectancy_R":-0.0060404052,
    "reg_ranging_avg_R_win":0.4982841997,
    "reg_ranging_avg_R_loss":-0.4983572814,
    "regime_std":0.0312029405,
    "regime_cv":0.3120294053,
    "worst_regime_E":-0.0060404052,
    "trade_density":0.0273972603,
    "expectancy_per_dd":0.0589668168,
    "stability_score":0.6684620643,
    "fitness_score":0.0055995478
  },
  {
    "strategy_name":"range_rsi_bb",
    "asset":"ADAUSDT",
    "timeframe":"1h",
    "mode":"balanced",
    "use_router":true,
    "position_pct":15.0,
    "risk_pct":1.0,
    "reward_rr":null,
    "candles_available":7877,
    "total_candles":7827,
    "final_equity":97.1916411092,
    "total_return_pct":-2.8083588908,
    "total_trades":226,
    "winrate":52.7,
    "sharpe":-0.8,
    "max_dd":9.2171727231,
    "max_dd_pct":8.7800894745,
    "regime_changes":242,
    "expectancy_R":-0.0096821714,
    "avg_R_win":0.5060561281,
    "avg_R_loss":-0.5832602802,
    "winrate_pct":52.6548672566,
    "lossrate_pct":47.3451327434,
    "mean_return_pct":-0.0635795922,
    "volatility_pct":5.2535633418,
    "sortino":-0.0131671759,
    "mar":-0.3235669941,
    "max_dd_pct_report":8.7800894745,
    "reg_trending_up_candles":1344,
    "reg_trending_up_candles_frac":0.1717133001,
    "reg_trending_up_pnl_pct":-0.6295885831,
    "reg_trending_up_trades":12,
    "reg_trending_up_winrate":25.0,
    "reg_trending_up_expectancy_R":-0.0527509701,
    "reg_trending_up_avg_R_win":0.7533731706,
    "reg_trending_up_avg_R_loss":-0.321459017,
    "reg_trending_down_candles":1778,
    "reg_trending_down_candles_frac":0.2271623866,
    "reg_trending_down_pnl_pct":-0.2130199567,
    "reg_trending_down_trades":44,
    "reg_trending_down_winrate":50.0,
    "reg_trending_down_expectancy_R":-0.0045256139,
    "reg_trending_down_avg_R_win":0.4593381572,
    "reg_trending_down_avg_R_loss":-0.468389385,
    "reg_ranging_candles":4705,
    "reg_ranging_candles_frac":0.6011243133,
    "reg_ranging_pnl_pct":-1.965750351,
    "reg_ranging_trades":170,
    "reg_ranging_winrate":55.2941176471,
    "reg_ranging_expectancy_R":-0.0079766593,
    "reg_ranging_avg_R_win":0.5090970241,
    "reg_ranging_avg_R_loss":-0.6475151626,
    "regime_std":0.0219654618,
    "regime_cv":0.2196546179,
    "worst_regime_E":-0.0527509701,
    "trade_density":0.0288744091,
    "expectancy_per_dd":-0.1102741769,
    "stability_score":0.2049760615,
    "fitness_score":-0.0019846134
  },
  {
    "strategy_name":"range_rsi_bb",
    "asset":"BTCUSDT",
    "timeframe":"1h",
    "mode":"balanced",
    "use_router":true,
    "position_pct":15.0,
    "risk_pct":1.0,
    "reward_rr":null,
    "candles_available":8100,
    "total_candles":8050,
    "final_equity":93.5922582537,
    "total_return_pct":-6.4077417463,
    "total_trades":191,
    "winrate":49.7,
    "sharpe":-5.66,
    "max_dd":8.8461169805,
    "max_dd_pct":8.6764662217,
    "regime_changes":262,
    "expectancy_R":-0.0343983868,
    "avg_R_win":0.2247337911,
    "avg_R_loss":-0.2908312712,
    "winrate_pct":49.7382198953,
    "lossrate_pct":50.2617801047,
    "mean_return_pct":-0.2258827401,
    "volatility_pct":2.6424565602,
    "sortino":-0.0749681455,
    "mar":-0.7489321353,
    "max_dd_pct_report":8.6764662217,
    "reg_trending_up_candles":1579,
    "reg_trending_up_candles_frac":0.1961490683,
    "reg_trending_up_pnl_pct":-0.1112992467,
    "reg_trending_up_trades":3,
    "reg_trending_up_winrate":33.3333333333,
    "reg_trending_up_expectancy_R":-0.0395491027,
    "reg_trending_up_avg_R_win":0.0435543105,
    "reg_trending_up_avg_R_loss":-0.0811008092,
    "reg_trending_down_candles":1827,
    "reg_trending_down_candles_frac":0.2269565217,
    "reg_trending_down_pnl_pct":1.3087268747,
    "reg_trending_down_trades":20,
    "reg_trending_down_winrate":60.0,
    "reg_trending_down_expectancy_R":0.0707393292,
    "reg_trending_down_avg_R_win":0.3045466323,
    "reg_trending_down_avg_R_loss":-0.2799716256,
    "reg_ranging_candles":4644,
    "reg_ranging_candles_frac":0.5768944099,
    "reg_ranging_pnl_pct":-7.6051693742,
    "reg_ranging_trades":168,
    "reg_ranging_winrate":48.8095238095,
    "reg_ranging_expectancy_R":-0.0468228045,
    "reg_ranging_avg_R_win":0.215263369,
    "reg_ranging_avg_R_loss":-0.2967189234,
    "regime_std":0.0537869255,
    "regime_cv":0.5378692552,
    "worst_regime_E":-0.0468228045,
    "trade_density":0.0237267081,
    "expectancy_per_dd":-0.3964561831,
    "stability_score":0.162562584,
    "fitness_score":-0.0055918906
  },
  {
    "strategy_name":"range_rsi_bb",
    "asset":"XRPUSDT",
    "timeframe":"1h",
    "mode":"balanced",
    "use_router":true,
    "position_pct":15.0,
    "risk_pct":1.0,
    "reward_rr":null,
    "candles_available":7788,
    "total_candles":7738,
    "final_equity":101.2409918402,
    "total_return_pct":1.2409918402,
    "total_trades":212,
    "winrate":50.5,
    "sharpe":0.78,
    "max_dd":16.5109431416,
    "max_dd_pct":14.2058920143,
    "regime_changes":242,
    "expectancy_R":0.0083767623,
    "avg_R_win":0.5062902829,
    "avg_R_loss":-0.4990208254,
    "winrate_pct":50.4716981132,
    "lossrate_pct":49.5283018868,
    "mean_return_pct":0.0550074059,
    "volatility_pct":4.666143119,
    "sortino":0.0124186384,
    "mar":0.0883924222,
    "max_dd_pct_report":14.2058920143,
    "reg_trending_up_candles":1501,
    "reg_trending_up_candles_frac":0.193977772,
    "reg_trending_up_pnl_pct":-0.0296881989,
    "reg_trending_up_trades":9,
    "reg_trending_up_winrate":33.3333333333,
    "reg_trending_up_expectancy_R":0.0224759654,
    "reg_trending_up_avg_R_win":1.0645328402,
    "reg_trending_up_avg_R_loss":-0.498552472,
    "reg_trending_down_candles":1847,
    "reg_trending_down_candles_frac":0.2386921685,
    "reg_trending_down_pnl_pct":2.7035103958,
    "reg_trending_down_trades":37,
    "reg_trending_down_winrate":59.4594594595,
    "reg_trending_down_expectancy_R":0.0696296535,
    "reg_trending_down_avg_R_win":0.4600071534,
    "reg_trending_down_avg_R_loss":-0.5029240129,
    "reg_ranging_candles":4390,
    "reg_ranging_candles_frac":0.5673300594,
    "reg_ranging_pnl_pct":-1.4328303567,
    "reg_ranging_trades":166,
    "reg_ranging_winrate":49.3975903614,
    "reg_ranging_expectancy_R":-0.0060404052,
    "reg_ranging_avg_R_win":0.4982841997,
    "reg_ranging_avg_R_loss":-0.4983572814,
    "regime_std":0.0312029405,
    "regime_cv":0.3120294053,
    "worst_regime_E":-0.0060404052,
    "trade_density":0.0273972603,
    "expectancy_per_dd":0.0589668168,
    "stability_score":0.6684620643,
    "fitness_score":0.0055995478
  },
  {
    "strategy_name":"ranging_stochastic",
    "asset":"ADAUSDT",
    "timeframe":"1h",
    "mode":"balanced",
    "use_router":true,
    "position_pct":15.0,
    "risk_pct":1.0,
    "reward_rr":null,
    "candles_available":7877,
    "total_candles":7827,
    "final_equity":97.1916411092,
    "total_return_pct":-2.8083588908,
    "total_trades":226,
    "winrate":52.7,
    "sharpe":-0.8,
    "max_dd":9.2171727231,
    "max_dd_pct":8.7800894745,
    "regime_changes":242,
    "expectancy_R":-0.0096821714,
    "avg_R_win":0.5060561281,
    "avg_R_loss":-0.5832602802,
    "winrate_pct":52.6548672566,
    "lossrate_pct":47.3451327434,
    "mean_return_pct":-0.0635795922,
    "volatility_pct":5.2535633418,
    "sortino":-0.0131671759,
    "mar":-0.3235669941,
    "max_dd_pct_report":8.7800894745,
    "reg_trending_up_candles":1344,
    "reg_trending_up_candles_frac":0.1717133001,
    "reg_trending_up_pnl_pct":-0.6295885831,
    "reg_trending_up_trades":12,
    "reg_trending_up_winrate":25.0,
    "reg_trending_up_expectancy_R":-0.0527509701,
    "reg_trending_up_avg_R_win":0.7533731706,
    "reg_trending_up_avg_R_loss":-0.321459017,
    "reg_trending_down_candles":1778,
    "reg_trending_down_candles_frac":0.2271623866,
    "reg_trending_down_pnl_pct":-0.2130199567,
    "reg_trending_down_trades":44,
    "reg_trending_down_winrate":50.0,
    "reg_trending_down_expectancy_R":-0.0045256139,
    "reg_trending_down_avg_R_win":0.4593381572,
    "reg_trending_down_avg_R_loss":-0.468389385,
    "reg_ranging_candles":4705,
    "reg_ranging_candles_frac":0.6011243133,
    "reg_ranging_pnl_pct":-1.965750351,
    "reg_ranging_trades":170,
    "reg_ranging_winrate":55.2941176471,
    "reg_ranging_expectancy_R":-0.0079766593,
    "reg_ranging_avg_R_win":0.5090970241,
    "reg_ranging_avg_R_loss":-0.6475151626,
    "regime_std":0.0219654618,
    "regime_cv":0.2196546179,
    "worst_regime_E":-0.0527509701,
    "trade_density":0.0288744091,
    "expectancy_per_dd":-0.1102741769,
    "stability_score":0.2049760615,
    "fitness_score":-0.0019846134
  },
  {
    "strategy_name":"ranging_stochastic",
    "asset":"BTCUSDT",
    "timeframe":"1h",
    "mode":"balanced",
    "use_router":true,
    "position_pct":15.0,
    "risk_pct":1.0,
    "reward_rr":null,
    "candles_available":8100,
    "total_candles":8050,
    "final_equity":93.5922582537,
    "total_return_pct":-6.4077417463,
    "total_trades":191,
    "winrate":49.7,
    "sharpe":-5.66,
    "max_dd":8.8461169805,
    "max_dd_pct":8.6764662217,
    "regime_changes":262,
    "expectancy_R":-0.0343983868,
    "avg_R_win":0.2247337911,
    "avg_R_loss":-0.2908312712,
    "winrate_pct":49.7382198953,
    "lossrate_pct":50.2617801047,
    "mean_return_pct":-0.2258827401,
    "volatility_pct":2.6424565602,
    "sortino":-0.0749681455,
    "mar":-0.7489321353,
    "max_dd_pct_report":8.6764662217,
    "reg_trending_up_candles":1579,
    "reg_trending_up_candles_frac":0.1961490683,
    "reg_trending_up_pnl_pct":-0.1112992467,
    "reg_trending_up_trades":3,
    "reg_trending_up_winrate":33.3333333333,
    "reg_trending_up_expectancy_R":-0.0395491027,
    "reg_trending_up_avg_R_win":0.0435543105,
    "reg_trending_up_avg_R_loss":-0.0811008092,
    "reg_trending_down_candles":1827,
    "reg_trending_down_candles_frac":0.2269565217,
    "reg_trending_down_pnl_pct":1.3087268747,
    "reg_trending_down_trades":20,
    "reg_trending_down_winrate":60.0,
    "reg_trending_down_expectancy_R":0.0707393292,
    "reg_trending_down_avg_R_win":0.3045466323,
    "reg_trending_down_avg_R_loss":-0.2799716256,
    "reg_ranging_candles":4644,
    "reg_ranging_candles_frac":0.5768944099,
    "reg_ranging_pnl_pct":-7.6051693742,
    "reg_ranging_trades":168,
    "reg_ranging_winrate":48.8095238095,
    "reg_ranging_expectancy_R":-0.0468228045,
    "reg_ranging_avg_R_win":0.215263369,
    "reg_ranging_avg_R_loss":-0.2967189234,
    "regime_std":0.0537869255,
    "regime_cv":0.5378692552,
    "worst_regime_E":-0.0468228045,
    "trade_density":0.0237267081,
    "expectancy_per_dd":-0.3964561831,
    "stability_score":0.162562584,
    "fitness_score":-0.0055918906
  },
  {
    "strategy_name":"ranging_stochastic",
    "asset":"XRPUSDT",
    "timeframe":"1h",
    "mode":"balanced",
    "use_router":true,
    "position_pct":15.0,
    "risk_pct":1.0,
    "reward_rr":null,
    "candles_available":7788,
    "total_candles":7738,
    "final_equity":101.2409918402,
    "total_return_pct":1.2409918402,
    "total_trades":212,
    "winrate":50.5,
    "sharpe":0.78,
    "max_dd":16.5109431416,
    "max_dd_pct":14.2058920143,
    "regime_changes":242,
    "expectancy_R":0.0083767623,
    "avg_R_win":0.5062902829,
    "avg_R_loss":-0.4990208254,
    "winrate_pct":50.4716981132,
    "lossrate_pct":49.5283018868,
    "mean_return_pct":0.0550074059,
    "volatility_pct":4.666143119,
    "sortino":0.0124186384,
    "mar":0.0883924222,
    "max_dd_pct_report":14.2058920143,
    "reg_trending_up_candles":1501,
    "reg_trending_up_candles_frac":0.193977772,
    "reg_trending_up_pnl_pct":-0.0296881989,
    "reg_trending_up_trades":9,
    "reg_trending_up_winrate":33.3333333333,
    "reg_trending_up_expectancy_R":0.0224759654,
    "reg_trending_up_avg_R_win":1.0645328402,
    "reg_trending_up_avg_R_loss":-0.498552472,
    "reg_trending_down_candles":1847,
    "reg_trending_down_candles_frac":0.2386921685,
    "reg_trending_down_pnl_pct":2.7035103958,
    "reg_trending_down_trades":37,
    "reg_trending_down_winrate":59.4594594595,
    "reg_trending_down_expectancy_R":0.0696296535,
    "reg_trending_down_avg_R_win":0.4600071534,
    "reg_trending_down_avg_R_loss":-0.5029240129,
    "reg_ranging_candles":4390,
    "reg_ranging_candles_frac":0.5673300594,
    "reg_ranging_pnl_pct":-1.4328303567,
    "reg_ranging_trades":166,
    "reg_ranging_winrate":49.3975903614,
    "reg_ranging_expectancy_R":-0.0060404052,
    "reg_ranging_avg_R_win":0.4982841997,
    "reg_ranging_avg_R_loss":-0.4983572814,
    "regime_std":0.0312029405,
    "regime_cv":0.3120294053,
    "worst_regime_E":-0.0060404052,
    "trade_density":0.0273972603,
    "expectancy_per_dd":0.0589668168,
    "stability_score":0.6684620643,
    "fitness_score":0.0055995478
  },
  {
    "strategy_name":"trend_macd",
    "asset":"ADAUSDT",
    "timeframe":"1h",
    "mode":"balanced",
    "use_router":true,
    "position_pct":15.0,
    "risk_pct":1.0,
    "reward_rr":null,
    "candles_available":7877,
    "total_candles":7827,
    "final_equity":97.1916411092,
    "total_return_pct":-2.8083588908,
    "total_trades":226,
    "winrate":52.7,
    "sharpe":-0.8,
    "max_dd":9.2171727231,
    "max_dd_pct":8.7800894745,
    "regime_changes":242,
    "expectancy_R":-0.0096821714,
    "avg_R_win":0.5060561281,
    "avg_R_loss":-0.5832602802,
    "winrate_pct":52.6548672566,
    "lossrate_pct":47.3451327434,
    "mean_return_pct":-0.0635795922,
    "volatility_pct":5.2535633418,
    "sortino":-0.0131671759,
    "mar":-0.3235669941,
    "max_dd_pct_report":8.7800894745,
    "reg_trending_up_candles":1344,
    "reg_trending_up_candles_frac":0.1717133001,
    "reg_trending_up_pnl_pct":-0.6295885831,
    "reg_trending_up_trades":12,
    "reg_trending_up_winrate":25.0,
    "reg_trending_up_expectancy_R":-0.0527509701,
    "reg_trending_up_avg_R_win":0.7533731706,
    "reg_trending_up_avg_R_loss":-0.321459017,
    "reg_trending_down_candles":1778,
    "reg_trending_down_candles_frac":0.2271623866,
    "reg_trending_down_pnl_pct":-0.2130199567,
    "reg_trending_down_trades":44,
    "reg_trending_down_winrate":50.0,
    "reg_trending_down_expectancy_R":-0.0045256139,
    "reg_trending_down_avg_R_win":0.4593381572,
    "reg_trending_down_avg_R_loss":-0.468389385,
    "reg_ranging_candles":4705,
    "reg_ranging_candles_frac":0.6011243133,
    "reg_ranging_pnl_pct":-1.965750351,
    "reg_ranging_trades":170,
    "reg_ranging_winrate":55.2941176471,
    "reg_ranging_expectancy_R":-0.0079766593,
    "reg_ranging_avg_R_win":0.5090970241,
    "reg_ranging_avg_R_loss":-0.6475151626,
    "regime_std":0.0219654618,
    "regime_cv":0.2196546179,
    "worst_regime_E":-0.0527509701,
    "trade_density":0.0288744091,
    "expectancy_per_dd":-0.1102741769,
    "stability_score":0.2049760615,
    "fitness_score":-0.0019846134
  },
  {
    "strategy_name":"trend_macd",
    "asset":"BTCUSDT",
    "timeframe":"1h",
    "mode":"balanced",
    "use_router":true,
    "position_pct":15.0,
    "risk_pct":1.0,
    "reward_rr":null,
    "candles_available":8100,
    "total_candles":8050,
    "final_equity":93.5922582537,
    "total_return_pct":-6.4077417463,
    "total_trades":191,
    "winrate":49.7,
    "sharpe":-5.66,
    "max_dd":8.8461169805,
    "max_dd_pct":8.6764662217,
    "regime_changes":262,
    "expectancy_R":-0.0343983868,
    "avg_R_win":0.2247337911,
    "avg_R_loss":-0.2908312712,
    "winrate_pct":49.7382198953,
    "lossrate_pct":50.2617801047,
    "mean_return_pct":-0.2258827401,
    "volatility_pct":2.6424565602,
    "sortino":-0.0749681455,
    "mar":-0.7489321353,
    "max_dd_pct_report":8.6764662217,
    "reg_trending_up_candles":1579,
    "reg_trending_up_candles_frac":0.1961490683,
    "reg_trending_up_pnl_pct":-0.1112992467,
    "reg_trending_up_trades":3,
    "reg_trending_up_winrate":33.3333333333,
    "reg_trending_up_expectancy_R":-0.0395491027,
    "reg_trending_up_avg_R_win":0.0435543105,
    "reg_trending_up_avg_R_loss":-0.0811008092,
    "reg_trending_down_candles":1827,
    "reg_trending_down_candles_frac":0.2269565217,
    "reg_trending_down_pnl_pct":1.3087268747,
    "reg_trending_down_trades":20,
    "reg_trending_down_winrate":60.0,
    "reg_trending_down_expectancy_R":0.0707393292,
    "reg_trending_down_avg_R_win":0.3045466323,
    "reg_trending_down_avg_R_loss":-0.2799716256,
    "reg_ranging_candles":4644,
    "reg_ranging_candles_frac":0.5768944099,
    "reg_ranging_pnl_pct":-7.6051693742,
    "reg_ranging_trades":168,
    "reg_ranging_winrate":48.8095238095,
    "reg_ranging_expectancy_R":-0.0468228045,
    "reg_ranging_avg_R_win":0.215263369,
    "reg_ranging_avg_R_loss":-0.2967189234,
    "regime_std":0.0537869255,
    "regime_cv":0.5378692552,
    "worst_regime_E":-0.0468228045,
    "trade_density":0.0237267081,
    "expectancy_per_dd":-0.3964561831,
    "stability_score":0.162562584,
    "fitness_score":-0.0055918906
  },
  {
    "strategy_name":"trend_macd",
    "asset":"XRPUSDT",
    "timeframe":"1h",
    "mode":"balanced",
    "use_router":true,
    "position_pct":15.0,
    "risk_pct":1.0,
    "reward_rr":null,
    "candles_available":7788,
    "total_candles":7738,
    "final_equity":101.2409918402,
    "total_return_pct":1.2409918402,
    "total_trades":212,
    "winrate":50.5,
    "sharpe":0.78,
    "max_dd":16.5109431416,
    "max_dd_pct":14.2058920143,
    "regime_changes":242,
    "expectancy_R":0.0083767623,
    "avg_R_win":0.5062902829,
    "avg_R_loss":-0.4990208254,
    "winrate_pct":50.4716981132,
    "lossrate_pct":49.5283018868,
    "mean_return_pct":0.0550074059,
    "volatility_pct":4.666143119,
    "sortino":0.0124186384,
    "mar":0.0883924222,
    "max_dd_pct_report":14.2058920143,
    "reg_trending_up_candles":1501,
    "reg_trending_up_candles_frac":0.193977772,
    "reg_trending_up_pnl_pct":-0.0296881989,
    "reg_trending_up_trades":9,
    "reg_trending_up_winrate":33.3333333333,
    "reg_trending_up_expectancy_R":0.0224759654,
    "reg_trending_up_avg_R_win":1.0645328402,
    "reg_trending_up_avg_R_loss":-0.498552472,
    "reg_trending_down_candles":1847,
    "reg_trending_down_candles_frac":0.2386921685,
    "reg_trending_down_pnl_pct":2.7035103958,
    "reg_trending_down_trades":37,
    "reg_trending_down_winrate":59.4594594595,
    "reg_trending_down_expectancy_R":0.0696296535,
    "reg_trending_down_avg_R_win":0.4600071534,
    "reg_trending_down_avg_R_loss":-0.5029240129,
    "reg_ranging_candles":4390,
    "reg_ranging_candles_frac":0.5673300594,
    "reg_ranging_pnl_pct":-1.4328303567,
    "reg_ranging_trades":166,
    "reg_ranging_winrate":49.3975903614,
    "reg_ranging_expectancy_R":-0.0060404052,
    "reg_ranging_avg_R_win":0.4982841997,
    "reg_ranging_avg_R_loss":-0.4983572814,
    "regime_std":0.0312029405,
    "regime_cv":0.3120294053,
    "worst_regime_E":-0.0060404052,
    "trade_density":0.0273972603,
    "expectancy_per_dd":0.0589668168,
    "stability_score":0.6684620643,
    "fitness_score":0.0055995478
  },
  {
    "strategy_name":"trending_ema_crossover",
    "asset":"ADAUSDT",
    "timeframe":"1h",
    "mode":"balanced",
    "use_router":true,
    "position_pct":15.0,
    "risk_pct":1.0,
    "reward_rr":null,
    "candles_available":7877,
    "total_candles":7827,
    "final_equity":97.1916411092,
    "total_return_pct":-2.8083588908,
    "total_trades":226,
    "winrate":52.7,
    "sharpe":-0.8,
    "max_dd":9.2171727231,
    "max_dd_pct":8.7800894745,
    "regime_changes":242,
    "expectancy_R":-0.0096821714,
    "avg_R_win":0.5060561281,
    "avg_R_loss":-0.5832602802,
    "winrate_pct":52.6548672566,
    "lossrate_pct":47.3451327434,
    "mean_return_pct":-0.0635795922,
    "volatility_pct":5.2535633418,
    "sortino":-0.0131671759,
    "mar":-0.3235669941,
    "max_dd_pct_report":8.7800894745,
    "reg_trending_up_candles":1344,
    "reg_trending_up_candles_frac":0.1717133001,
    "reg_trending_up_pnl_pct":-0.6295885831,
    "reg_trending_up_trades":12,
    "reg_trending_up_winrate":25.0,
    "reg_trending_up_expectancy_R":-0.0527509701,
    "reg_trending_up_avg_R_win":0.7533731706,
    "reg_trending_up_avg_R_loss":-0.321459017,
    "reg_trending_down_candles":1778,
    "reg_trending_down_candles_frac":0.2271623866,
    "reg_trending_down_pnl_pct":-0.2130199567,
    "reg_trending_down_trades":44,
    "reg_trending_down_winrate":50.0,
    "reg_trending_down_expectancy_R":-0.0045256139,
    "reg_trending_down_avg_R_win":0.4593381572,
    "reg_trending_down_avg_R_loss":-0.468389385,
    "reg_ranging_candles":4705,
    "reg_ranging_candles_frac":0.6011243133,
    "reg_ranging_pnl_pct":-1.965750351,
    "reg_ranging_trades":170,
    "reg_ranging_winrate":55.2941176471,
    "reg_ranging_expectancy_R":-0.0079766593,
    "reg_ranging_avg_R_win":0.5090970241,
    "reg_ranging_avg_R_loss":-0.6475151626,
    "regime_std":0.0219654618,
    "regime_cv":0.2196546179,
    "worst_regime_E":-0.0527509701,
    "trade_density":0.0288744091,
    "expectancy_per_dd":-0.1102741769,
    "stability_score":0.2049760615,
    "fitness_score":-0.0019846134
  },
  {
    "strategy_name":"trending_ema_crossover",
    "asset":"BTCUSDT",
    "timeframe":"1h",
    "mode":"balanced",
    "use_router":true,
    "position_pct":15.0,
    "risk_pct":1.0,
    "reward_rr":null,
    "candles_available":8100,
    "total_candles":8050,
    "final_equity":93.5922582537,
    "total_return_pct":-6.4077417463,
    "total_trades":191,
    "winrate":49.7,
    "sharpe":-5.66,
    "max_dd":8.8461169805,
    "max_dd_pct":8.6764662217,
    "regime_changes":262,
    "expectancy_R":-0.0343983868,
    "avg_R_win":0.2247337911,
    "avg_R_loss":-0.2908312712,
    "winrate_pct":49.7382198953,
    "lossrate_pct":50.2617801047,
    "mean_return_pct":-0.2258827401,
    "volatility_pct":2.6424565602,
    "sortino":-0.0749681455,
    "mar":-0.7489321353,
    "max_dd_pct_report":8.6764662217,
    "reg_trending_up_candles":1579,
    "reg_trending_up_candles_frac":0.1961490683,
    "reg_trending_up_pnl_pct":-0.1112992467,
    "reg_trending_up_trades":3,
    "reg_trending_up_winrate":33.3333333333,
    "reg_trending_up_expectancy_R":-0.0395491027,
    "reg_trending_up_avg_R_win":0.0435543105,
    "reg_trending_up_avg_R_loss":-0.0811008092,
    "reg_trending_down_candles":1827,
    "reg_trending_down_candles_frac":0.2269565217,
    "reg_trending_down_pnl_pct":1.3087268747,
    "reg_trending_down_trades":20,
    "reg_trending_down_winrate":60.0,
    "reg_trending_down_expectancy_R":0.0707393292,
    "reg_trending_down_avg_R_win":0.3045466323,
    "reg_trending_down_avg_R_loss":-0.2799716256,
    "reg_ranging_candles":4644,
    "reg_ranging_candles_frac":0.5768944099,
    "reg_ranging_pnl_pct":-7.6051693742,
    "reg_ranging_trades":168,
    "reg_ranging_winrate":48.8095238095,
    "reg_ranging_expectancy_R":-0.0468228045,
    "reg_ranging_avg_R_win":0.215263369,
    "reg_ranging_avg_R_loss":-0.2967189234,
    "regime_std":0.0537869255,
    "regime_cv":0.5378692552,
    "worst_regime_E":-0.0468228045,
    "trade_density":0.0237267081,
    "expectancy_per_dd":-0.3964561831,
    "stability_score":0.162562584,
    "fitness_score":-0.0055918906
  },
  {
    "strategy_name":"trending_ema_crossover",
    "asset":"XRPUSDT",
    "timeframe":"1h",
    "mode":"balanced",
    "use_router":true,
    "position_pct":15.0,
    "risk_pct":1.0,
    "reward_rr":null,
    "candles_available":7788,
    "total_candles":7738,
    "final_equity":101.2409918402,
    "total_return_pct":1.2409918402,
    "total_trades":212,
    "winrate":50.5,
    "sharpe":0.78,
    "max_dd":16.5109431416,
    "max_dd_pct":14.2058920143,
    "regime_changes":242,
    "expectancy_R":0.0083767623,
    "avg_R_win":0.5062902829,
    "avg_R_loss":-0.4990208254,
    "winrate_pct":50.4716981132,
    "lossrate_pct":49.5283018868,
    "mean_return_pct":0.0550074059,
    "volatility_pct":4.666143119,
    "sortino":0.0124186384,
    "mar":0.0883924222,
    "max_dd_pct_report":14.2058920143,
    "reg_trending_up_candles":1501,
    "reg_trending_up_candles_frac":0.193977772,
    "reg_trending_up_pnl_pct":-0.0296881989,
    "reg_trending_up_trades":9,
    "reg_trending_up_winrate":33.3333333333,
    "reg_trending_up_expectancy_R":0.0224759654,
    "reg_trending_up_avg_R_win":1.0645328402,
    "reg_trending_up_avg_R_loss":-0.498552472,
    "reg_trending_down_candles":1847,
    "reg_trending_down_candles_frac":0.2386921685,
    "reg_trending_down_pnl_pct":2.7035103958,
    "reg_trending_down_trades":37,
    "reg_trending_down_winrate":59.4594594595,
    "reg_trending_down_expectancy_R":0.0696296535,
    "reg_trending_down_avg_R_win":0.4600071534,
    "reg_trending_down_avg_R_loss":-0.5029240129,
    "reg_ranging_candles":4390,
    "reg_ranging_candles_frac":0.5673300594,
    "reg_ranging_pnl_pct":-1.4328303567,
    "reg_ranging_trades":166,
    "reg_ranging_winrate":49.3975903614,
    "reg_ranging_expectancy_R":-0.0060404052,
    "reg_ranging_avg_R_win":0.4982841997,
    "reg_ranging_avg_R_loss":-0.4983572814,
    "regime_std":0.0312029405,
    "regime_cv":0.3120294053,
    "worst_regime_E":-0.0060404052,
    "trade_density":0.0273972603,
    "expectancy_per_dd":0.0589668168,
    "stability_score":0.6684620643,
    "fitness_score":0.0055995478
  }
]