[
  {
    "strategy_name":"range_mean_reversion",
    "asset":"ADAUSDT",
    "timeframe":"1h",
    "mode":"balanced",
    "use_router":false,
    "position_pct":15.0,
    "risk_pct":1.0,
    "reward_rr":null,
    "candles_available":7877,
    "total_candles":7827,
    "final_equity":93.7168954601,
    "total_return_pct":-6.2831045399,
    "total_trades":605,
    "winrate":13.2,
    "sharpe":-1.53,
    "max_dd":8.2054691857,
    "max_dd_pct":8.0721223472,
    "regime_changes":242,
    "expectancy_R":-0.0099788506,
    "avg_R_win":0.5976874218,
    "avg_R_loss":-0.102575616,
    "winrate_pct":13.2231404959,
    "lossrate_pct":86.7768595041,
    "mean_return_pct":-0.0655277858,
    "volatility_pct":2.8303680457,
    "sortino":-0.0310689683,
    "mar":-0.7872369776,
    "max_dd_pct_report":8.0721223472,
    "reg_trending_down_candles":1778,
    "reg_trending_down_candles_frac":0.2271623866,
    "reg_trending_down_pnl_pct":5.6453215339,
    "reg_trending_down_trades":37,
    "reg_trending_down_winrate":54.0540540541,
    "reg_trending_down_expectancy_R":0.1638697551,
    "reg_trending_down_avg_R_win":0.9252984691,
    "reg_trending_down_avg_R_loss":-0.731928732,
    "reg_ranging_candles":4705,
    "reg_ranging_candles_frac":0.6011243133,
    "reg_ranging_pnl_pct":-11.0195567493,
    "reg_ranging_trades":370,
    "reg_ranging_winrate":15.1351351351,
    "reg_ranging_expectancy_R":-0.0301023392,
    "reg_ranging_avg_R_win":0.4798502525,
    "reg_ranging_avg_R_loss":-0.1210492983,
    "reg_trending_up_candles":1344,
    "reg_trending_up_candles_frac":0.1717133001,
    "reg_trending_up_pnl_pct":-0.9088693245,
    "reg_trending_up_trades":198,
    "reg_trending_up_winrate":2.0202020202,
    "reg_trending_up_expectancy_R":-0.0048612124,
    "reg_trending_up_avg_R_win":0.6093525542,
    "reg_trending_up_avg_R_loss":-0.0175254137,
    "regime_std":0.0861087344,
    "regime_cv":0.861087344,
    "worst_regime_E":-0.0301023392,
    "trade_density":0.0772965376,
    "expectancy_per_dd":-0.123621152,
    "stability_score":0.1343300737,
    "fitness_score":-0.0013404597
  },
  {
    "strategy_name":"range_mean_reversion",
    "asset":"BTCUSDT",
    "timeframe":"1h",
    "mode":"balanced",
    "use_router":false,
    "position_pct":15.0,
    "risk_pct":1.0,
    "reward_rr":null,
    "candles_available":8100,
    "total_candles":8050,
    "final_equity":94.563414627,
    "total_return_pct":-5.436585373,
    "total_trades":641,
    "winrate":12.3,
    "sharpe":-2.99,
    "max_dd":6.0918311643,
    "max_dd_pct":6.0615835861,
    "regime_changes":262,
    "expectancy_R":-0.0086707539,
    "avg_R_win":0.2524189433,
    "avg_R_loss":-0.0453719746,
    "winrate_pct":12.3244929797,
    "lossrate_pct":87.6755070203,
    "mean_return_pct":-0.0569379503,
    "volatility_pct":1.2623619061,
    "sortino":-0.0517354667,
    "mar":-0.9096042489,
    "max_dd_pct_report":6.0615835861,
    "reg_trending_down_candles":1827,
    "reg_trending_down_candles_frac":0.2269565217,
    "reg_trending_down_pnl_pct":1.994729841,
    "reg_trending_down_trades":26,
    "reg_trending_down_winrate":53.8461538462,
    "reg_trending_down_expectancy_R":0.082456447,
    "reg_trending_down_avg_R_win":0.3515650272,
    "reg_trending_down_avg_R_loss":-0.2315035633,
    "reg_ranging_candles":4644,
    "reg_ranging_candles_frac":0.5768944099,
    "reg_ranging_pnl_pct":-4.4367640799,
    "reg_ranging_trades":380,
    "reg_ranging_winrate":14.2105263158,
    "reg_ranging_expectancy_R":-0.0121702788,
    "reg_ranging_avg_R_win":0.2343347022,
    "reg_ranging_avg_R_loss":-0.0530023922,
    "reg_trending_up_candles":1579,
    "reg_trending_up_candles_frac":0.1961490683,
    "reg_trending_up_pnl_pct":-2.9945511341,
    "reg_trending_up_trades":235,
    "reg_trending_up_winrate":4.6808510638,
    "reg_trending_up_expectancy_R":-0.0130941059,
    "reg_trending_up_avg_R_win":0.2150102019,
    "reg_trending_up_avg_R_loss":-0.0242956568,
    "regime_std":0.0448268011,
    "regime_cv":0.4482680107,
    "worst_regime_E":-0.0130941059,
    "trade_density":0.0796273292,
    "expectancy_per_dd":-0.1430443668,
    "stability_score":0.1726199834,
    "fitness_score":-0.0014967454
  },
  {
    "strategy_name":"range_mean_reversion",
    "asset":"XRPUSDT",
    "timeframe":"1h",
    "mode":"balanced",
    "use_router":false,
    "position_pct":15.0,
    "risk_pct":1.0,
    "reward_rr":null,
    "candles_available":7788,
    "total_candles":7738,
    "final_equity":91.2031608108,
    "total_return_pct":-8.7968391892,
    "total_trades":657,
    "winrate":11.1,
    "sharpe":-2.08,
    "max_dd":15.5358348592,
    "max_dd_pct":14.6036185819,
    "regime_changes":242,
    "expectancy_R":-0.013341912,
    "avg_R_win":0.6254449061,
    "avg_R_loss":-0.0931902643,
    "winrate_pct":11.1111111111,
    "lossrate_pct":88.8888888889,
    "mean_return_pct":-0.087611889,
    "volatility_pct":2.7933208873,
    "sortino":-0.0425895168,
    "mar":-0.6091404343,
    "max_dd_pct_report":14.6036185819,
    "reg_trending_down_candles":1847,
    "reg_trending_down_candles_frac":0.2386921685,
    "reg_trending_down_pnl_pct":3.0829127134,
    "reg_trending_down_trades":44,
    "reg_trending_down_winrate":50.0,
    "reg_trending_down_expectancy_R":0.0769633993,
    "reg_trending_down_avg_R_win":0.9164985862,
    "reg_trending_down_avg_R_loss":-0.7625717876,
    "reg_ranging_candles":4390,
    "reg_ranging_candles_frac":0.5673300594,
    "reg_ranging_pnl_pct":-14.1168161946,
    "reg_ranging_trades":362,
    "reg_ranging_winrate":12.7071823204,
    "reg_ranging_expectancy_R":-0.0405697769,
    "reg_ranging_avg_R_win":0.3813459193,
    "reg_ranging_avg_R_loss":-0.1019878846,
    "reg_trending_up_candles":1501,
    "reg_trending_up_candles_frac":0.193977772,
    "reg_trending_up_pnl_pct":2.237064292,
    "reg_trending_up_trades":251,
    "reg_trending_up_winrate":1.9920318725,
    "reg_trending_up_expectancy_R":0.0100965477,
    "reg_trending_up_avg_R_win":1.5905193915,
    "reg_trending_up_avg_R_loss":-0.0220258679,
    "regime_std":0.048134418,
    "regime_cv":0.4813441803,
    "worst_regime_E":-0.0405697769,
    "trade_density":0.0849056604,
    "expectancy_per_dd":-0.0913603156,
    "stability_score":0.1463132885,
    "fitness_score":-0.001952099
  },
  {
    "strategy_name":"range_rsi_bb",
    "asset":"ADAUSDT",
    "timeframe":"1h",
    "mode":"balanced",
    "use_router":false,
    "position_pct":15.0,
    "risk_pct":1.0,
    "reward_rr":null,
    "candles_available":7877,
    "total_candles":7827,
    "final_equity":104.8607959575,
    "total_return_pct":4.8607959575,
    "total_trades":260,
    "winrate":54.6,
    "sharpe":1.8,
    "max_dd":13.0797543278,
    "max_dd_pct":12.0718850139,
    "regime_changes":242,
    "expectancy_R":0.0216031309,
    "avg_R_win":0.5158299311,
    "avg_R_loss":-0.5731443743,
    "winrate_pct":54.6153846154,
    "lossrate_pct":45.3846153846,
    "mean_return_pct":0.1418605599,
    "volatility_pct":5.2121039378,
    "sortino":0.0294712231,
    "mar":0.4075093961,
    "max_dd_pct_report":12.0718850139,
    "reg_trending_down_candles":1778,
    "reg_trending_down_candles_frac":0.2271623866,
    "reg_trending_down_pnl_pct":2.0021276697,
    "reg_trending_down_trades":47,
    "reg_trending_down_winrate":59.5744680851,
    "reg_trending_down_expectancy_R":0.0460234688,
    "reg_trending_down_avg_R_win":0.5542757296,
    "reg_trending_down_avg_R_loss":-0.702979863,
    "reg_ranging_candles":4705,
    "reg_ranging_candles_frac":0.6011243133,
    "reg_ranging_pnl_pct":-1.6481466252,
    "reg_ranging_trades":182,
    "reg_ranging_winrate":53.8461538462,
    "reg_ranging_expectancy_R":-0.0061633552,
    "reg_ranging_avg_R_win":0.475672088,
    "reg_ranging_avg_R_loss":-0.5683047056,
    "reg_trending_up_candles":1344,
    "reg_trending_up_candles_frac":0.1717133001,
    "reg_trending_up_pnl_pct":4.5068149131,
    "reg_trending_up_trades":31,
    "reg_trending_up_winrate":51.6129032258,
    "reg_trending_up_expectancy_R":0.1475948921,
    "reg_trending_up_avg_R_win":0.6945165728,
    "reg_trending_up_avg_R_loss":-0.4357882339,
    "regime_std":0.0638416594,
    "regime_cv":0.6384165939,
    "worst_regime_E":-0.0061633552,
    "trade_density":0.0332183467,
    "expectancy_per_dd":0.1789540815,
    "stability_score":0.5709162844,
    "fitness_score":0.0123335792
  },
  {
    "strategy_name":"range_rsi_bb",
    "asset":"BTCUSDT",
    "timeframe":"1h",
    "mode":"balanced",
    "use_router":false,
    "position_pct":15.0,
    "risk_pct":1.0,
    "reward_rr":null,
    "candles_available":8100,
    "total_candles":8050,
    "final_equity":96.0232791736,
    "total_return_pct":-3.9767208264,
    "total_trades":250,
    "winrate":49.6,
    "sharpe":-3.72,
    "max_dd":6.7496867295,
    "max_dd_pct":6.5807578,
    "regime_changes":262,
    "expectancy_R":-0.016075358,
    "avg_R_win":0.1789005872,
    "avg_R_loss":-0.2079564469,
    "winrate_pct":49.6,
    "lossrate_pct":50.4,
    "mean_return_pct":-0.1055615173,
    "volatility_pct":1.8787135928,
    "sortino":-0.0501840863,
    "mar":-0.61292776,
    "max_dd_pct_report":6.5807578,
    "reg_trending_down_candles":1827,
    "reg_trending_down_candles_frac":0.2269565217,
    "reg_trending_down_pnl_pct":-1.3898070767,
    "reg_trending_down_trades":38,
    "reg_trending_down_winrate":57.8947368421,
    "reg_trending_down_expectancy_R":-0.0375071106,
    "reg_trending_down_avg_R_win":0.1633404101,
    "reg_trending_down_avg_R_loss":-0.3136724516,
    "reg_ranging_candles":4644,
    "reg_ranging_candles_frac":0.5768944099,
    "reg_ranging_pnl_pct":-1.595276272,
    "reg_ranging_trades":185,
    "reg_ranging_winrate":48.6486486486,
    "reg_ranging_expectancy_R":-0.0087401079,
    "reg_ranging_avg_R_win":0.1798768807,
    "reg_ranging_avg_R_loss":-0.1874298866,
    "reg_trending_up_candles":1579,
    "reg_trending_up_candles_frac":0.1961490683,
    "reg_trending_up_pnl_pct":-0.9916374778,
    "reg_trending_up_trades":27,
    "reg_trending_up_winrate":44.4444444444,
    "reg_trending_up_expectancy_R":-0.0361721972,
    "reg_trending_up_avg_R_win":0.2001053774,
    "reg_trending_up_avg_R_loss":-0.2251942569,
    "regime_std":0.013257459,
    "regime_cv":0.1325745895,
    "worst_regime_E":-0.0375071106,
    "trade_density":0.0310559006,
    "expectancy_per_dd":-0.2442782193,
    "stability_score":0.2207360136,
    "fitness_score":-0.0035484104
  },
  {
    "strategy_name":"range_rsi_bb",
    "asset":"XRPUSDT",
    "timeframe":"1h",
    "mode":"balanced",
    "use_router":false,
    "position_pct":15.0,
    "risk_pct":1.0,
    "reward_rr":null,
    "candles_available":7788,
    "total_candles":7738,
    "final_equity":121.1636445525,
    "total_return_pct":21.1636445525,
    "total_trades":262,
    "winrate":50.0,
    "sharpe":6.49,
    "max_dd":29.507092892,
    "max_dd_pct":22.7841519975,
    "regime_changes":242,
    "expectancy_R":0.077456116,
    "avg_R_win":0.5974003886,
    "avg_R_loss":-0.4424881565,
    "winrate_pct":50.0,
    "lossrate_pct":50.0,
    "mean_return_pct":0.5086284954,
    "volatility_pct":5.1879695933,
    "sortino":0.1219023387,
    "mar":0.9409080024,
    "max_dd_pct_report":22.7841519975,
    "reg_trending_down_candles":1847,
    "reg_trending_down_candles_frac":0.2386921685,
    "reg_trending_down_pnl_pct":-0.618811409,
    "reg_trending_down_trades":46,
    "reg_trending_down_winrate":52.1739130435,
    "reg_trending_down_expectancy_R":-0.0132079743,
    "reg_trending_down_avg_R_win":0.582233072,
    "reg_trending_down_avg_R_loss":-0.6627800249,
    "reg_ranging_candles":4390,
    "reg_ranging_candles_frac":0.5673300594,
    "reg_ranging_pnl_pct":3.7436848803,
    "reg_ranging_trades":176,
    "reg_ranging_winrate":50.5681818182,
    "reg_ranging_expectancy_R":0.0242219113,
    "reg_ranging_avg_R_win":0.4486854687,
    "reg_ranging_avg_R_loss":-0.409999429,
    "reg_trending_up_candles":1501,
    "reg_trending_up_candles_frac":0.193977772,
    "reg_trending_up_pnl_pct":18.0387710812,
    "reg_trending_up_trades":40,
    "reg_trending_up_winrate":45.0,
    "reg_trending_up_expectancy_R":0.4159503209,
    "reg_trending_up_avg_R_win":1.3529361366,
    "reg_trending_up_avg_R_loss":-0.3506744374,
    "regime_std":0.1940873187,
    "regime_cv":1.9408731871,
    "worst_regime_E":-0.0132079743,
    "trade_density":0.0338588783,
    "expectancy_per_dd":0.3399561066,
    "stability_score":0.2384306202,
    "fitness_score":0.0184679098
  },
  {
    "strategy_name":"ranging_stochastic",
    "asset":"ADAUSDT",
    "timeframe":"1h",
    "mode":"balanced",
    "use_router":false,
    "position_pct":15.0,
    "risk_pct":1.0,
    "reward_rr":null,
    "candles_available":7877,
    "total_candles":7827,
    "final_equity":97.6173020464,
    "total_return_pct":-2.3826979536,
    "total_trades":138,
    "winrate":55.8,
    "sharpe":-0.8,
    "max_dd":16.3686647303,
    "max_dd_pct":14.4696404247,
    "regime_changes":242,
    "expectancy_R":-0.0124679764,
    "avg_R_win":0.7171040006,
    "avg_R_loss":-0.9334030948,
    "winrate_pct":55.7971014493,
    "lossrate_pct":44.2028985507,
    "mean_return_pct":-0.0818730447,
    "volatility_pct":6.8190272663,
    "sortino":-0.0110478979,
    "mar":-0.1670409375,
    "max_dd_pct_report":14.4696404247,
    "reg_trending_down_candles":1778,
    "reg_trending_down_candles_frac":0.2271623866,
    "reg_trending_down_pnl_pct":-7.6114788671,
    "reg_trending_down_trades":45,
    "reg_trending_down_winrate":55.5555555556,
    "reg_trending_down_expectancy_R":-0.1561762101,
    "reg_trending_down_avg_R_win":0.6113953577,
    "reg_trending_down_avg_R_loss":-1.1156406698,
    "reg_ranging_candles":4705,
    "reg_ranging_candles_frac":0.6011243133,
    "reg_ranging_pnl_pct":-0.6769122014,
    "reg_ranging_trades":78,
    "reg_ranging_winrate":55.1282051282,
    "reg_ranging_expectancy_R":-0.0066677106,
    "reg_ranging_avg_R_win":0.6759468981,
    "reg_ranging_avg_R_loss":-0.8453085157,
    "reg_trending_up_candles":1344,
    "reg_trending_up_candles_frac":0.1717133001,
    "reg_trending_up_pnl_pct":5.9056931149,
    "reg_trending_up_trades":15,
    "reg_trending_up_winrate":60.0,
    "reg_trending_up_expectancy_R":0.3884953432,
    "reg_trending_up_avg_R_win":1.2073786092,
    "reg_trending_up_avg_R_loss":-0.8398295559,
    "regime_std":0.2297761547,
    "regime_cv":2.297761547,
    "worst_regime_E":-0.1561762101,
    "trade_density":0.0176312764,
    "expectancy_per_dd":-0.086166456,
    "stability_score":0.0605186037,
    "fitness_score":-0.0007545445
  },
  {
    "strategy_name":"ranging_stochastic",
    "asset":"BTCUSDT",
    "timeframe":"1h",
    "mode":"balanced",
    "use_router":false,
    "position_pct":15.0,
    "risk_pct":1.0,
    "reward_rr":null,
    "candles_available":8100,
    "total_candles":8050,
    "final_equity":96.5331910183,
    "total_return_pct":-3.4668089817,
    "total_trades":118,
    "winrate":59.3,
    "sharpe":-4.56,
    "max_dd":5.5089428054,
    "max_dd_pct":5.4720916724,
    "regime_changes":262,
    "expectancy_R":-0.0294525181,
    "avg_R_win":0.2288952041,
    "avg_R_loss":-0.4062096131,
    "winrate_pct":59.3220338983,
    "lossrate_pct":40.6779661017,
    "mean_return_pct":-0.1934048691,
    "volatility_pct":2.8133548868,
    "sortino":-0.0517671496,
    "mar":-0.6408699455,
    "max_dd_pct_report":5.4720916724,
    "reg_trending_down_candles":1827,
    "reg_trending_down_candles_frac":0.2269565217,
    "reg_trending_down_pnl_pct":-0.2991114537,
    "reg_trending_down_trades":26,
    "reg_trending_down_winrate":53.8461538462,
    "reg_trending_down_expectancy_R":-0.0098854704,
    "reg_trending_down_avg_R_win":0.2860293815,
    "reg_trending_down_avg_R_loss":-0.3551194644,
    "reg_ranging_candles":4644,
    "reg_ranging_candles_frac":0.5768944099,
    "reg_ranging_pnl_pct":0.798811764,
    "reg_ranging_trades":73,
    "reg_ranging_winrate":63.0136986301,
    "reg_ranging_expectancy_R":0.0116312068,
    "reg_ranging_avg_R_win":0.2217542347,
    "reg_ranging_avg_R_loss":-0.346356174,
    "reg_trending_up_candles":1579,
    "reg_trending_up_candles_frac":0.1961490683,
    "reg_trending_up_pnl_pct":-3.9665092921,
    "reg_trending_up_trades":19,
    "reg_trending_up_winrate":52.6315789474,
    "reg_trending_up_expectancy_R":-0.2140764739,
    "reg_trending_up_avg_R_win":0.1817558154,
    "reg_trending_up_avg_R_loss":-0.6538901287,
    "regime_std":0.1017081284,
    "regime_cv":1.0170812839,
    "worst_regime_E":-0.2140764739,
    "trade_density":0.0146583851,
    "expectancy_per_dd":-0.538231446,
    "stability_score":0.0965888622,
    "fitness_score":-0.0028447852
  },
  {
    "strategy_name":"ranging_stochastic",
    "asset":"XRPUSDT",
    "timeframe":"1h",
    "mode":"balanced",
    "use_router":false,
    "position_pct":15.0,
    "risk_pct":1.0,
    "reward_rr":null,
    "candles_available":7788,
    "total_candles":7738,
    "final_equity":107.9567043814,
    "total_return_pct":7.9567043814,
    "total_trades":120,
    "winrate":55.8,
    "sharpe":4.64,
    "max_dd":12.9431229946,
    "max_dd_pct":11.4600082904,
    "regime_changes":242,
    "expectancy_R":0.0695946298,
    "avg_R_win":0.7367259872,
    "avg_R_loss":-0.773760105,
    "winrate_pct":55.8333333333,
    "lossrate_pct":44.1666666667,
    "mean_return_pct":0.4570047358,
    "volatility_pct":6.5329019345,
    "sortino":0.0755878072,
    "mar":0.7048254477,
    "max_dd_pct_report":11.4600082904,
    "reg_trending_down_candles":1847,
    "reg_trending_down_candles_frac":0.2386921685,
    "reg_trending_down_pnl_pct":6.7324903851,
    "reg_trending_down_trades":34,
    "reg_trending_down_winrate":64.7058823529,
    "reg_trending_down_expectancy_R":0.1926670732,
    "reg_trending_down_avg_R_win":0.7647431055,
    "reg_trending_down_avg_R_loss":-0.856138986,
    "reg_ranging_candles":4390,
    "reg_ranging_candles_frac":0.5673300594,
    "reg_ranging_pnl_pct":3.7861436919,
    "reg_ranging_trades":76,
    "reg_ranging_winrate":55.2631578947,
    "reg_ranging_expectancy_R":0.053638716,
    "reg_ranging_avg_R_win":0.7038248611,
    "reg_ranging_avg_R_loss":-0.7495324045,
    "reg_trending_up_candles":1501,
    "reg_trending_up_candles_frac":0.193977772,
    "reg_trending_up_pnl_pct":-2.5619296956,
    "reg_trending_up_trades":10,
    "reg_trending_up_winrate":30.0,
    "reg_trending_up_expectancy_R":-0.2275867325,
    "reg_trending_up_avg_R_win":0.9918828851,
    "reg_trending_up_avg_R_loss":-0.7502165686,
    "regime_std":0.1748109767,
    "regime_cv":1.748109767,
    "worst_regime_E":-0.2275867325,
    "trade_density":0.0155078832,
    "expectancy_per_dd":0.6072825433,
    "stability_score":0.2752061815,
    "fitness_score":0.0191528723
  },
  {
    "strategy_name":"trend_macd",
    "asset":"ADAUSDT",
    "timeframe":"1h",
    "mode":"balanced",
    "use_router":false,
    "position_pct":15.0,
    "risk_pct":1.0,
    "reward_rr":null,
    "candles_available":7877,
    "total_candles":7827,
    "final_equity":95.8454728602,
    "total_return_pct":-4.1545271398,
    "total_trades":101,
    "winrate":28.7,
    "sharpe":-2.33,
    "max_dd":9.629181794,
    "max_dd_pct":9.2204880371,
    "regime_changes":242,
    "expectancy_R":-0.0372213347,
    "avg_R_win":1.2887603275,
    "avg_R_loss":-0.5712972819,
    "winrate_pct":28.7128712871,
    "lossrate_pct":71.2871287129,
    "mean_return_pct":-0.2444200975,
    "volatility_pct":6.9817131422,
    "sortino":-0.0579623613,
    "mar":-0.4557671384,
    "max_dd_pct_report":9.2204880371,
    "reg_trending_down_candles":1778,
    "reg_trending_down_candles_frac":0.2271623866,
    "reg_trending_down_pnl_pct":-0.4526294499,
    "reg_trending_down_trades":80,
    "reg_trending_down_winrate":32.5,
    "reg_trending_down_expectancy_R":-0.0019737766,
    "reg_trending_down_avg_R_win":1.2397801912,
    "reg_trending_down_avg_R_loss":-0.5998553167,
    "reg_ranging_candles":4705,
    "reg_ranging_candles_frac":0.6011243133,
    "reg_ranging_pnl_pct":-2.1073028525,
    "reg_ranging_trades":3,
    "reg_ranging_winrate":0.0,
    "reg_ranging_expectancy_R":-0.7086889161,
    "reg_ranging_avg_R_win":0.0,
    "reg_ranging_avg_R_loss":-0.7086889161,
    "reg_trending_up_candles":1344,
    "reg_trending_up_candles_frac":0.1717133001,
    "reg_trending_up_pnl_pct":-1.5945948375,
    "reg_trending_up_trades":18,
    "reg_trending_up_winrate":16.6666666667,
    "reg_trending_up_expectancy_R":-0.0819658846,
    "reg_trending_up_avg_R_win":1.7132548416,
    "reg_trending_up_avg_R_loss":-0.4410100298,
    "regime_std":0.3159864245,
    "regime_cv":3.1598642446,
    "worst_regime_E":-0.7086889161,
    "trade_density":0.0129040501,
    "expectancy_per_dd":-0.4036807434,
    "stability_score":0.0397890969,
    "fitness_score":-0.0014810033
  },
  {
    "strategy_name":"trend_macd",
    "asset":"BTCUSDT",
    "timeframe":"1h",
    "mode":"balanced",
    "use_router":false,
    "position_pct":15.0,
    "risk_pct":1.0,
    "reward_rr":null,
    "candles_available":8100,
    "total_candles":8050,
    "final_equity":99.8811506694,
    "total_return_pct":-0.1188493306,
    "total_trades":47,
    "winrate":42.6,
    "sharpe":0.02,
    "max_dd":6.2380077144,
    "max_dd_pct":6.093577973,
    "regime_changes":262,
    "expectancy_R":0.0002503931,
    "avg_R_win":0.6833059545,
    "avg_R_loss":-0.5057166894,
    "winrate_pct":42.5531914894,
    "lossrate_pct":57.4468085106,
    "mean_return_pct":0.0016442483,
    "volatility_pct":5.0364013784,
    "sortino":0.0004521933,
    "mar":-0.0202377492,
    "max_dd_pct_report":6.093577973,
    "reg_trending_down_candles":1827,
    "reg_trending_down_candles_frac":0.2269565217,
    "reg_trending_down_pnl_pct":-1.3533497983,
    "reg_trending_down_trades":42,
    "reg_trending_down_winrate":38.0952380952,
    "reg_trending_down_expectancy_R":-0.0300059177,
    "reg_trending_down_avg_R_win":0.7421807924,
    "reg_trending_down_avg_R_loss":-0.5051977392,
    "reg_ranging_candles":4644,
    "reg_ranging_candles_frac":0.5768944099,
    "reg_ranging_pnl_pct":0.106702771,
    "reg_ranging_trades":2,
    "reg_ranging_winrate":100.0,
    "reg_ranging_expectancy_R":0.0544718966,
    "reg_ranging_avg_R_win":0.0544718966,
    "reg_ranging_avg_R_loss":0.0,
    "reg_trending_up_candles":1579,
    "reg_trending_up_candles_frac":0.1961490683,
    "reg_trending_up_pnl_pct":1.1277976967,
    "reg_trending_up_trades":3,
    "reg_trending_up_winrate":66.6666666667,
    "reg_trending_up_expectancy_R":0.3876910753,
    "reg_trending_up_avg_R_win":0.84114131,
    "reg_trending_up_avg_R_loss":-0.5192093939,
    "regime_std":0.1803214106,
    "regime_cv":1.8032141062,
    "worst_regime_E":-0.0300059177,
    "trade_density":0.0058385093,
    "expectancy_per_dd":0.0041091316,
    "stability_score":0.1033296642,
    "fitness_score":0.000025873
  },
  {
    "strategy_name":"trend_macd",
    "asset":"XRPUSDT",
    "timeframe":"1h",
    "mode":"balanced",
    "use_router":false,
    "position_pct":15.0,
    "risk_pct":1.0,
    "reward_rr":null,
    "candles_available":7788,
    "total_candles":7738,
    "final_equity":102.1179089218,
    "total_return_pct":2.1179089218,
    "total_trades":96,
    "winrate":36.5,
    "sharpe":1.94,
    "max_dd":9.6897329355,
    "max_dd_pct":9.3465448156,
    "regime_changes":242,
    "expectancy_R":0.0259980699,
    "avg_R_win":1.0305482231,
    "avg_R_loss":-0.5503831656,
    "winrate_pct":36.4583333333,
    "lossrate_pct":63.5416666667,
    "mean_return_pct":0.1707206589,
    "volatility_pct":5.8396291079,
    "sortino":0.043515071,
    "mar":0.2292941506,
    "max_dd_pct_report":9.3465448156,
    "reg_trending_down_candles":1847,
    "reg_trending_down_candles_frac":0.2386921685,
    "reg_trending_down_pnl_pct":-1.4376344787,
    "reg_trending_down_trades":81,
    "reg_trending_down_winrate":34.5679012346,
    "reg_trending_down_expectancy_R":-0.0134008948,
    "reg_trending_down_avg_R_win":0.9896659955,
    "reg_trending_down_avg_R_loss":-0.5433230256,
    "reg_ranging_candles":4390,
    "reg_ranging_candles_frac":0.5673300594,
    "reg_ranging_pnl_pct":1.1035799163,
    "reg_ranging_trades":2,
    "reg_ranging_winrate":50.0,
    "reg_ranging_expectancy_R":0.5366827106,
    "reg_ranging_avg_R_win":1.5865292166,
    "reg_ranging_avg_R_loss":-0.5131637953,
    "reg_trending_up_candles":1501,
    "reg_trending_up_candles_frac":0.193977772,
    "reg_trending_up_pnl_pct":2.4519634842,
    "reg_trending_up_trades":13,
    "reg_trending_up_winrate":46.1538461538,
    "reg_trending_up_expectancy_R":0.1929170591,
    "reg_trending_up_avg_R_win":1.1286684531,
    "reg_trending_up_avg_R_loss":-0.6091555642,
    "regime_std":0.2268954469,
    "regime_cv":2.2689544686,
    "worst_regime_E":-0.0134008948,
    "trade_density":0.0124063065,
    "expectancy_per_dd":0.278157013,
    "stability_score":0.1919837712,
    "fitness_score":0.0049912075
  },
  {
    "strategy_name":"trending_ema_crossover",
    "asset":"ADAUSDT",
    "timeframe":"1h",
    "mode":"balanced",
    "use_router":false,
    "position_pct":15.0,
    "risk_pct":1.0,
    "reward_rr":null,
    "candles_available":7877,
    "total_candles":7827,
    "final_equity":103.3979733642,
    "total_return_pct":3.3979733642,
    "total_trades":12,
    "winrate":33.3,
    "sharpe":20.87,
    "max_dd":4.4250718615,
    "max_dd_pct":4.2375569225,
    "regime_changes":242,
    "expectancy_R":0.2869463519,
    "avg_R_win":1.5221557595,
    "avg_R_loss":-0.3306583519,
    "winrate_pct":33.3333333333,
    "lossrate_pct":66.6666666667,
    "mean_return_pct":1.8842810441,
    "volatility_pct":6.0850643424,
    "sortino":0.7531788389,
    "mar":1.1341702743,
    "max_dd_pct_report":4.2375569225,
    "reg_trending_down_candles":1778,
    "reg_trending_down_candles_frac":0.2271623866,
    "reg_trending_down_pnl_pct":0.0,
    "reg_trending_down_trades":0,
    "reg_trending_down_winrate":0.0,
    "reg_trending_down_expectancy_R":0.0,
    "reg_trending_down_avg_R_win":0.0,
    "reg_trending_down_avg_R_loss":0.0,
    "reg_ranging_candles":4705,
    "reg_ranging_candles_frac":0.6011243133,
    "reg_ranging_pnl_pct":0.0,
    "reg_ranging_trades":0,
    "reg_ranging_winrate":0.0,
    "reg_ranging_expectancy_R":0.0,
    "reg_ranging_avg_R_win":0.0,
    "reg_ranging_avg_R_loss":0.0,
    "reg_trending_up_candles":1344,
    "reg_trending_up_candles_frac":0.1717133001,
    "reg_trending_up_pnl_pct":3.3979733642,
    "reg_trending_up_trades":12,
    "reg_trending_up_winrate":33.3333333333,
    "reg_trending_up_expectancy_R":0.2869463519,
    "reg_trending_up_avg_R_win":1.5221557595,
    "reg_trending_up_avg_R_loss":-0.3306583519,
    "regime_std":0.1352678075,
    "regime_cv":0.4714045208,
    "worst_regime_E":0.0,
    "trade_density":0.0015331545,
    "expectancy_per_dd":6.7715043632,
    "stability_score":0.0328093746,
    "fitness_score":0.0094145303
  },
  {
    "strategy_name":"trending_ema_crossover",
    "asset":"BTCUSDT",
    "timeframe":"1h",
    "mode":"balanced",
    "use_router":false,
    "position_pct":15.0,
    "risk_pct":1.0,
    "reward_rr":null,
    "candles_available":8100,
    "total_candles":8050,
    "final_equity":100.2019282983,
    "total_return_pct":0.2019282983,
    "total_trades":13,
    "winrate":38.5,
    "sharpe":1.46,
    "max_dd":2.9750448581,
    "max_dd_pct":2.9451446586,
    "regime_changes":262,
    "expectancy_R":0.0196349672,
    "avg_R_win":0.9679503663,
    "avg_R_loss":-0.5730621572,
    "winrate_pct":38.4615384615,
    "lossrate_pct":61.5384615385,
    "mean_return_pct":0.1289362848,
    "volatility_pct":6.0814157939,
    "sortino":0.030654411,
    "mar":0.0747610754,
    "max_dd_pct_report":2.9451446586,
    "reg_trending_down_candles":1827,
    "reg_trending_down_candles_frac":0.2269565217,
    "reg_trending_down_pnl_pct":0.0,
    "reg_trending_down_trades":0,
    "reg_trending_down_winrate":0.0,
    "reg_trending_down_expectancy_R":0.0,
    "reg_trending_down_avg_R_win":0.0,
    "reg_trending_down_avg_R_loss":0.0,
    "reg_ranging_candles":4644,
    "reg_ranging_candles_frac":0.5768944099,
    "reg_ranging_pnl_pct":0.0,
    "reg_ranging_trades":0,
    "reg_ranging_winrate":0.0,
    "reg_ranging_expectancy_R":0.0,
    "reg_ranging_avg_R_win":0.0,
    "reg_ranging_avg_R_loss":0.0,
    "reg_trending_up_candles":1579,
    "reg_trending_up_candles_frac":0.1961490683,
    "reg_trending_up_pnl_pct":0.2019282983,
    "reg_trending_up_trades":13,
    "reg_trending_up_winrate":38.4615384615,
    "reg_trending_up_expectancy_R":0.0196349672,
    "reg_trending_up_avg_R_win":0.9679503663,
    "reg_trending_up_avg_R_loss":-0.5730621572,
    "regime_std":0.0092560123,
    "regime_cv":0.0925601232,
    "worst_regime_E":0.0,
    "trade_density":0.0016149068,
    "expectancy_per_dd":0.6666893992,
    "stability_score":0.0504982862,
    "fitness_score":0.0009915322
  },
  {
    "strategy_name":"trending_ema_crossover",
    "asset":"XRPUSDT",
    "timeframe":"1h",
    "mode":"balanced",
    "use_router":false,
    "position_pct":15.0,
    "risk_pct":1.0,
    "reward_rr":null,
    "candles_available":7788,
    "total_candles":7738,
    "final_equity":101.0932640774,
    "total_return_pct":1.0932640774,
    "total_trades":16,
    "winrate":56.2,
    "sharpe":6.29,
    "max_dd":3.0687538056,
    "max_dd_pct":3.0083725942,
    "regime_changes":242,
    "expectancy_R":0.0718021449,
    "avg_R_win":0.5958554138,
    "avg_R_loss":-0.6019806294,
    "winrate_pct":56.25,
    "lossrate_pct":43.75,
    "mean_return_pct":0.4715007513,
    "volatility_pct":5.1123080218,
    "sortino":0.1124488724,
    "mar":0.4244575495,
    "max_dd_pct_report":3.0083725942,
    "reg_trending_down_candles":1847,
    "reg_trending_down_candles_frac":0.2386921685,
    "reg_trending_down_pnl_pct":0.0,
    "reg_trending_down_trades":0,
    "reg_trending_down_winrate":0.0,
    "reg_trending_down_expectancy_R":0.0,
    "reg_trending_down_avg_R_win":0.0,
    "reg_trending_down_avg_R_loss":0.0,
    "reg_ranging_candles":4390,
    "reg_ranging_candles_frac":0.5673300594,
    "reg_ranging_pnl_pct":0.0,
    "reg_ranging_trades":0,
    "reg_ranging_winrate":0.0,
    "reg_ranging_expectancy_R":0.0,
    "reg_ranging_avg_R_win":0.0,
    "reg_ranging_avg_R_loss":0.0,
    "reg_trending_up_candles":1501,
    "reg_trending_up_candles_frac":0.193977772,
    "reg_trending_up_pnl_pct":1.0932640774,
    "reg_trending_up_trades":16,
    "reg_trending_up_winrate":56.25,
    "reg_trending_up_expectancy_R":0.0718021449,
    "reg_trending_up_avg_R_win":0.5958554138,
    "reg_trending_up_avg_R_loss":-0.6019806294,
    "regime_std":0.0338478557,
    "regime_cv":0.338478557,
    "worst_regime_E":0.0,
    "trade_density":0.0020677178,
    "expectancy_per_dd":2.3867437502,
    "stability_score":0.0566778366,
    "fitness_score":0.0040695902
  }
]