[
  {
    "strategy_name":"trend_macd",
    "asset":"ADAUSDT",
    "timeframe":"1h",
    "mode":"balanced",
    "use_router":false,
    "position_pct":15.0,
    "risk_pct":1.0,
    "reward_rr":null,
    "candles_available":7877,
    "total_candles":1999,
    "final_equity":93.8382377863,
    "total_return_pct":-6.1617622137,
    "total_trades":27,
    "winrate":22.2,
    "sharpe":-20.65,
    "max_dd":7.1821380971,
    "max_dd_pct":7.1821380971,
    "regime_changes":64,
    "expectancy_R":-0.236180306,
    "avg_R_win":1.0138889101,
    "avg_R_loss":-0.5933429392,
    "winrate_pct":22.2222222222,
    "lossrate_pct":77.7777777778,
    "mean_return_pct":-1.5509173427,
    "volatility_pct":4.9401072296,
    "sortino":-0.3691362482,
    "mar":-3.3294098581,
    "max_dd_pct_report":7.1821380971,
    "reg_trending_down_candles":559,
    "reg_trending_down_candles_frac":0.2796398199,
    "reg_trending_down_pnl_pct":-4.5285697433,
    "reg_trending_down_trades":24,
    "reg_trending_down_winrate":25.0,
    "reg_trending_down_expectancy_R":-0.1960297058,
    "reg_trending_down_avg_R_win":1.0138889101,
    "reg_trending_down_avg_R_loss":-0.599335911,
    "reg_ranging_candles":1203,
    "reg_ranging_candles_frac":0.6018009005,
    "reg_ranging_pnl_pct":-0.7815174556,
    "reg_ranging_trades":1,
    "reg_ranging_winrate":0.0,
    "reg_ranging_expectancy_R":-0.8029315902,
    "reg_ranging_avg_R_win":0.0,
    "reg_ranging_avg_R_loss":-0.8029315902,
    "reg_trending_up_candles":237,
    "reg_trending_up_candles_frac":0.1185592796,
    "reg_trending_up_pnl_pct":-0.8516750148,
    "reg_trending_up_trades":2,
    "reg_trending_up_winrate":0.0,
    "reg_trending_up_expectancy_R":-0.4346118668,
    "reg_trending_up_avg_R_win":0.0,
    "reg_trending_up_avg_R_loss":-0.4346118668,
    "regime_std":0.2496465865,
    "regime_cv":1.0570169493,
    "worst_regime_E":-0.8029315902,
    "trade_density":0.0135067534,
    "expectancy_per_dd":-3.2884400551,
    "stability_score":0.0184398259,
    "fitness_score":-0.0043551237
  },
  {
    "strategy_name":"trend_macd",
    "asset":"BTCUSDT",
    "timeframe":"1h",
    "mode":"balanced",
    "use_router":false,
    "position_pct":15.0,
    "risk_pct":1.0,
    "reward_rr":null,
    "candles_available":8100,
    "total_candles":1999,
    "final_equity":98.2970556548,
    "total_return_pct":-1.7029443452,
    "total_trades":10,
    "winrate":20.0,
    "sharpe":-16.7,
    "max_dd":2.4495695709,
    "max_dd_pct":2.4314160057,
    "regime_changes":69,
    "expectancy_R":-0.1720231233,
    "avg_R_win":1.0048934158,
    "avg_R_loss":-0.4662522581,
    "winrate_pct":20.0,
    "lossrate_pct":80.0,
    "mean_return_pct":-1.1296185095,
    "volatility_pct":4.642873978,
    "sortino":-0.3296860563,
    "mar":-2.8934306637,
    "max_dd_pct_report":2.4314160057,
    "reg_trending_down_candles":573,
    "reg_trending_down_candles_frac":0.2866433217,
    "reg_trending_down_pnl_pct":-1.7029443452,
    "reg_trending_down_trades":10,
    "reg_trending_down_winrate":20.0,
    "reg_trending_down_expectancy_R":-0.1720231233,
    "reg_trending_down_avg_R_win":1.0048934158,
    "reg_trending_down_avg_R_loss":-0.4662522581,
    "reg_ranging_candles":1034,
    "reg_ranging_candles_frac":0.5172586293,
    "reg_ranging_pnl_pct":0.0,
    "reg_ranging_trades":0,
    "reg_ranging_winrate":0.0,
    "reg_ranging_expectancy_R":0.0,
    "reg_ranging_avg_R_win":0.0,
    "reg_ranging_avg_R_loss":0.0,
    "reg_trending_up_candles":392,
    "reg_trending_up_candles_frac":0.196098049,
    "reg_trending_up_pnl_pct":0.0,
    "reg_trending_up_trades":0,
    "reg_trending_up_winrate":0.0,
    "reg_trending_up_expectancy_R":0.0,
    "reg_trending_up_avg_R_win":0.0,
    "reg_trending_up_avg_R_loss":0.0,
    "regime_std":0.081092478,
    "regime_cv":0.4714045208,
    "worst_regime_E":-0.1720231233,
    "trade_density":0.0050025013,
    "expectancy_per_dd":-7.0750181325,
    "stability_score":0.0058588169,
    "fitness_score":-0.001007852
  },
  {
    "strategy_name":"trend_macd",
    "asset":"XRPUSDT",
    "timeframe":"1h",
    "mode":"balanced",
    "use_router":false,
    "position_pct":15.0,
    "risk_pct":1.0,
    "reward_rr":null,
    "candles_available":7788,
    "total_candles":1999,
    "final_equity":99.4536548268,
    "total_return_pct":-0.5463451732,
    "total_trades":26,
    "winrate":34.6,
    "sharpe":-1.43,
    "max_dd":2.9919524008,
    "max_dd_pct":2.9632966553,
    "regime_changes":70,
    "expectancy_R":-0.0180021186,
    "avg_R_win":0.9554016438,
    "avg_R_loss":-0.5333335222,
    "winrate_pct":34.6153846154,
    "lossrate_pct":65.3846153846,
    "mean_return_pct":-0.1182139122,
    "volatility_pct":5.5691603191,
    "sortino":-0.0310244022,
    "mar":-0.7761223313,
    "max_dd_pct_report":2.9632966553,
    "reg_trending_down_candles":608,
    "reg_trending_down_candles_frac":0.304152076,
    "reg_trending_down_pnl_pct":-2.0955093793,
    "reg_trending_down_trades":25,
    "reg_trending_down_winrate":32.0,
    "reg_trending_down_expectancy_R":-0.082183372,
    "reg_trending_down_avg_R_win":0.8765106972,
    "reg_trending_down_avg_R_loss":-0.5333335222,
    "reg_ranging_candles":1033,
    "reg_ranging_candles_frac":0.5167583792,
    "reg_ranging_pnl_pct":1.5491642061,
    "reg_ranging_trades":1,
    "reg_ranging_winrate":100.0,
    "reg_ranging_expectancy_R":1.5865292166,
    "reg_ranging_avg_R_win":1.5865292166,
    "reg_ranging_avg_R_loss":0.0,
    "reg_trending_up_candles":358,
    "reg_trending_up_candles_frac":0.1790895448,
    "reg_trending_up_pnl_pct":0.0,
    "reg_trending_up_trades":0,
    "reg_trending_up_winrate":0.0,
    "reg_trending_up_expectancy_R":0.0,
    "reg_trending_up_avg_R_win":0.0,
    "reg_trending_up_avg_R_loss":0.0,
    "regime_std":0.7680010681,
    "regime_cv":7.6800106806,
    "worst_regime_E":-0.082183372,
    "trade_density":0.0130065033,
    "expectancy_per_dd":-0.6075030853,
    "stability_score":0.0041712963,
    "fitness_score":-0.0000750922
  },
  {
    "strategy_name":"range_rsi_bb",
    "asset":"ADAUSDT",
    "timeframe":"1h",
    "mode":"balanced",
    "use_router":false,
    "position_pct":15.0,
    "risk_pct":1.0,
    "reward_rr":null,
    "candles_available":7877,
    "total_candles":1999,
    "final_equity":98.1610282305,
    "total_return_pct":-1.8389717695,
    "total_trades":65,
    "winrate":53.8,
    "sharpe":-3.76,
    "max_dd":3.6180604758,
    "max_dd_pct":3.5865885511,
    "regime_changes":64,
    "expectancy_R":-0.0278054955,
    "avg_R_win":0.3334197466,
    "avg_R_loss":-0.4492349446,
    "winrate_pct":53.8461538462,
    "lossrate_pct":46.1538461538,
    "mean_return_pct":-0.1825894205,
    "volatility_pct":3.2369998581,
    "sortino":-0.0491477,
    "mar":-2.0673023775,
    "max_dd_pct_report":3.5865885511,
    "reg_trending_down_candles":559,
    "reg_trending_down_candles_frac":0.2796398199,
    "reg_trending_down_pnl_pct":-0.0905459821,
    "reg_trending_down_trades":15,
    "reg_trending_down_winrate":60.0,
    "reg_trending_down_expectancy_R":-0.0031185832,
    "reg_trending_down_avg_R_win":0.4521441824,
    "reg_trending_down_avg_R_loss":-0.6860127316,
    "reg_ranging_candles":1203,
    "reg_ranging_candles_frac":0.6018009005,
    "reg_ranging_pnl_pct":-2.0943132993,
    "reg_ranging_trades":46,
    "reg_ranging_winrate":52.1739130435,
    "reg_ranging_expectancy_R":-0.0459817739,
    "reg_ranging_avg_R_win":0.2899995629,
    "reg_ranging_avg_R_loss":-0.4125068685,
    "reg_trending_up_candles":237,
    "reg_trending_up_candles_frac":0.1185592796,
    "reg_trending_up_pnl_pct":0.3458875119,
    "reg_trending_up_trades":4,
    "reg_trending_up_winrate":50.0,
    "reg_trending_up_expectancy_R":0.0886457845,
    "reg_trending_up_avg_R_win":0.3202019895,
    "reg_trending_up_avg_R_loss":-0.1429104205,
    "regime_std":0.0561570533,
    "regime_cv":0.5615705334,
    "worst_regime_E":-0.0459817739,
    "trade_density":0.0325162581,
    "expectancy_per_dd":-0.775263042,
    "stability_score":0.0662463037,
    "fitness_score":-0.0018420113
  },
  {
    "strategy_name":"range_rsi_bb",
    "asset":"BTCUSDT",
    "timeframe":"1h",
    "mode":"balanced",
    "use_router":false,
    "position_pct":15.0,
    "risk_pct":1.0,
    "reward_rr":null,
    "candles_available":8100,
    "total_candles":1999,
    "final_equity":96.6886472812,
    "total_return_pct":-3.3113527188,
    "total_trades":62,
    "winrate":45.2,
    "sharpe":-13.03,
    "max_dd":3.493098365,
    "max_dd_pct":3.493098365,
    "regime_changes":69,
    "expectancy_R":-0.0547513598,
    "avg_R_win":0.1606222277,
    "avg_R_loss":-0.2321178436,
    "winrate_pct":45.1612903226,
    "lossrate_pct":54.8387096774,
    "mean_return_pct":-0.3595339294,
    "volatility_pct":1.8226589898,
    "sortino":-0.1700067228,
    "mar":-3.7741579361,
    "max_dd_pct_report":3.493098365,
    "reg_trending_down_candles":573,
    "reg_trending_down_candles_frac":0.2866433217,
    "reg_trending_down_pnl_pct":-0.8657970814,
    "reg_trending_down_trades":12,
    "reg_trending_down_winrate":50.0,
    "reg_trending_down_expectancy_R":-0.0749114964,
    "reg_trending_down_avg_R_win":0.1433919044,
    "reg_trending_down_avg_R_loss":-0.2932148973,
    "reg_ranging_candles":1034,
    "reg_ranging_candles_frac":0.5172586293,
    "reg_ranging_pnl_pct":-2.5761930399,
    "reg_ranging_trades":42,
    "reg_ranging_winrate":42.8571428571,
    "reg_ranging_expectancy_R":-0.0626120095,
    "reg_ranging_avg_R_win":0.1472026144,
    "reg_ranging_avg_R_loss":-0.2199729774,
    "reg_trending_up_candles":392,
    "reg_trending_up_candles_frac":0.196098049,
    "reg_trending_up_pnl_pct":0.1306374025,
    "reg_trending_up_trades":8,
    "reg_trending_up_winrate":50.0,
    "reg_trending_up_expectancy_R":0.0167572559,
    "reg_trending_up_avg_R_win":0.2468559725,
    "reg_trending_up_avg_R_loss":-0.2133414606,
    "regime_std":0.04062555,
    "regime_cv":0.4062555002,
    "worst_regime_E":-0.0749114964,
    "trade_density":0.0310155078,
    "expectancy_per_dd":-1.5674153454,
    "stability_score":0.0698847841,
    "fitness_score":-0.003826287
  },
  {
    "strategy_name":"range_rsi_bb",
    "asset":"XRPUSDT",
    "timeframe":"1h",
    "mode":"balanced",
    "use_router":false,
    "position_pct":15.0,
    "risk_pct":1.0,
    "reward_rr":null,
    "candles_available":7788,
    "total_candles":1999,
    "final_equity":96.6453250126,
    "total_return_pct":-3.3546749874,
    "total_trades":60,
    "winrate":40.0,
    "sharpe":-7.12,
    "max_dd":5.5313762277,
    "max_dd_pct":5.5313762277,
    "regime_changes":70,
    "expectancy_R":-0.0563769108,
    "avg_R_win":0.4031090656,
    "avg_R_loss":-0.3627008951,
    "winrate_pct":40.0,
    "lossrate_pct":60.0,
    "mean_return_pct":-0.370208381,
    "volatility_pct":3.4593782838,
    "sortino":-0.1132458259,
    "mar":-2.3873839546,
    "max_dd_pct_report":5.5313762277,
    "reg_trending_down_candles":608,
    "reg_trending_down_candles_frac":0.304152076,
    "reg_trending_down_pnl_pct":1.8958883581,
    "reg_trending_down_trades":11,
    "reg_trending_down_winrate":63.6363636364,
    "reg_trending_down_expectancy_R":0.183040448,
    "reg_trending_down_avg_R_win":0.4856641313,
    "reg_trending_down_avg_R_loss":-0.3465509978,
    "reg_ranging_candles":1033,
    "reg_ranging_candles_frac":0.5167583792,
    "reg_ranging_pnl_pct":-3.9394488519,
    "reg_ranging_trades":41,
    "reg_ranging_winrate":36.5853658537,
    "reg_ranging_expectancy_R":-0.0981304143,
    "reg_ranging_avg_R_win":0.4064327309,
    "reg_ranging_avg_R_loss":-0.3892245364,
    "reg_trending_up_candles":358,
    "reg_trending_up_candles_frac":0.1790895448,
    "reg_trending_up_pnl_pct":-1.3111144936,
    "reg_trending_up_trades":8,
    "reg_trending_up_winrate":25.0,
    "reg_trending_up_expectancy_R":-0.1715890741,
    "reg_trending_up_avg_R_win":0.0892388459,
    "reg_trending_up_avg_R_loss":-0.2585317141,
    "regime_std":0.1528308166,
    "regime_cv":1.5283081656,
    "worst_regime_E":-0.1715890741,
    "trade_density":0.0300150075,
    "expectancy_per_dd":-1.0192203259,
    "stability_score":0.0375063402,
    "fitness_score":-0.0021144916
  }
]