entry_ts,exit_ts,entry_price,exit_price,position,pnl,pnl_pct,regime,strategy,exit_reason,mae,mfe,pnl_R,reward_multiple,stop_distance_pct,take_profit_multiple,hold_time_hours,trade_type
2024-11-17 21:00:00+00:00,2024-11-18 01:00:00+00:00,89137.98,90747.57,0.00001121856250276257101630528311,0.01703922873280278507545268582,1.703922873280278507545268582,ranging,range_rsi_bb,signal_exit,-0.4666697629899174291362671669,2.016491735621561089896809418,0.5679742910934261,1.5,3.0,1.5,4.0,long
2024-11-18 06:00:00+00:00,2024-11-18 15:00:00+00:00,92061.84,92309.51,0.00001086411473295915036947723972,0.001687854188328752751385665006,0.1687566639988946560268619440,ranging,range_rsi_bb,signal_exit,-2.916452680068093359854636840,0.5780462350089896095928562801,0.05625222133296488,1.5,3.0,1.5,9.0,long
2024-11-19 18:00:00+00:00,2024-11-19 23:00:00+00:00,93646.15,92310.79,0.00001068049536290825960680997974,-0.01524823125235457169037949316,-1.524537623810482331628155563,ranging,range_rsi_bb,signal_exit,-2.483978252175876958102388619,0.2769574616788837554987578240,-0.5081792079368275,1.5,3.0,1.5,5.0,long
2024-11-20 13:00:00+00:00,2024-11-22 15:00:00+00:00,94382.88,98664.0,0.00001059551042007499421146467017,0.04431525612950517998970567854,4.431371452110806536100614857,ranging,range_rsi_bb,take_profit,-1.318968016233452507488646246,5.336889486737425261869525490,1.4771238173702688,1.5,3.0,1.5,50.0,long
2024-11-23 16:00:00+00:00,2024-11-24 01:00:00+00:00,97708.85,98182.4,0.00001023937894139561382066477751,0.003843531098722212210389767939,0.3841694994875080404692103121,ranging,range_rsi_bb,signal_exit,-0.5862826141132558616747612934,0.7073566007582731758689207784,0.12805649982916933,1.5,3.0,1.5,9.0,long
2024-11-24 11:00:00+00:00,2024-11-25 02:00:00+00:00,97280.03,97368.63,0.00001028491023685919960739491491,-0.0000901845724502306834533912730,-0.009013802730118401484867963167,ranging,range_rsi_bb,signal_exit,-1.588465793030697050566287860,1.119890690823183339890006202,-0.003004600910039467,1.5,3.0,1.5,15.0,long
2024-11-25 14:00:00+00:00,2024-11-26 10:00:00+00:00,95385.49,92327.99,0.00001048917895733665090231785788,-0.03303910947193799886497954463,-3.302208742650480696801997871,ranging,trend_macd,stop_loss,-3.263357980338518992773429166,1.168427189502302708724356294,-1.1007362475501603,1.5,3.0,1.5,20.0,long
2024-11-26 16:00:00+00:00,2024-11-27 09:00:00+00:00,94029.43,93403.5,0.00001063693657877673151148402383,-0.007651504818489491996716093056,-0.7650088913651821562674579649,trending_down,range_rsi_bb,stop_loss,-3.443953664294253405556111528,0.01549514869972092779888169055,-0.12750148189419702,1.5,6.0,1.5,17.0,long
2024-11-27 13:00:00+00:00,2024-11-28 22:00:00+00:00,94264.0,95651.79,0.00001060965552491238719307385698,0.01370914129867690239448537796,1.370765308070949673258083681,ranging,range_rsi_bb,signal_exit,-0.1668293303912416192820164644,3.123366290418399388950182466,0.4569217693569832,1.5,3.0,1.5,33.0,long
2024-11-29 02:00:00+00:00,2024-11-30 16:00:00+00:00,96739.98,96871.31,0.00001033952725453662524420471152,0.000356286564410628662936224451,0.03561990606158901418007322312,ranging,range_rsi_bb,signal_exit,-1.178364932471559328418302340,1.943364056928686567849197405,0.011873302020529672,1.5,3.0,1.5,38.0,long
2024-12-01 01:00:00+00:00,2024-12-01 08:00:00+00:00,96106.62,97048.01,0.00001040770368033931628933041522,0.008787661236788022190972658554,0.8785471697995413843500062742,ranging,range_rsi_bb,signal_exit,-0.4294605303984262478484832783,1.115864859257353967916049904,0.2928490565998471,1.5,3.0,1.5,7.0,long
2024-12-01 21:00:00+00:00,2024-12-02 15:00:00+00:00,97767.62,97048.0,0.00001023178327641953462608988535,-0.008355969984786988504019574489,-0.8353154142445116286966993773,ranging,range_rsi_bb,signal_exit,-3.070157583870815306744707501,0.3706544150302523473518123894,-0.2784384714148372,1.5,3.0,1.5,18.0,long
2024-12-03 10:00:00+00:00,2024-12-03 15:00:00+00:00,94697.9,95682.54,0.00001056257361136299909517906734,0.009389678608620278813632681952,0.9387298556778978203318130607,ranging,range_rsi_bb,signal_exit,-1.182423263873855703241571355,1.639001498449279234280802425,0.3129099518926326,1.5,3.0,1.5,5.0,long
2024-12-04 16:00:00+00:00,2024-12-04 18:00:00+00:00,94847.81,96111.01,0.00001054686909879709773798144763,0.01230913480417731501395205236,1.230485964831449455712261570,ranging,range_rsi_bb,signal_exit,-0.1711162334691755139101261273,1.452505861758958904797063844,0.41016198827714984,1.5,3.0,1.5,2.0,long
2024-12-04 20:00:00+00:00,2024-12-07 18:00:00+00:00,98747.97,100123.32,0.00001013155539020822532304850063,0.01292002974349133968740306694,1.291395337038320889026883287,ranging,range_rsi_bb,signal_exit,-8.352546386523186248790734635,5.407736483089221986031712854,0.43046511234610696,1.5,3.0,1.5,70.0,long
2024-12-08 08:00:00+00:00,2024-12-08 12:00:00+00:00,98980.01,99922.48,0.00001010910918298609023529607322,0.008517404871534156522244922958,0.8512299806799372923886348368,ranging,range_rsi_bb,signal_exit,-0.3256314077963823200260335395,1.232562009238026951098509689,0.28374332689331244,1.5,3.0,1.5,4.0,long
2024-12-08 23:00:00+00:00,2024-12-09 14:00:00+00:00,101109.59,100156.26,0.000009897032537386121167297089514,-0.01042638779290921496444264514,-1.041925162588434984258169774,ranging,range_rsi_bb,signal_exit,-3.126884403348881149651581022,0.1051730107895799003833365361,-0.34730838752947835,1.5,3.0,1.5,15.0,long
2024-12-09 20:00:00+00:00,2024-12-13 10:00:00+00:00,96252.01,100457.62,0.00001039542590532749696100980855,0.04267480739636882882893218278,4.265004315234559776985436459,ranging,range_rsi_bb,signal_exit,-2.183808940717186061880681764,6.532840197311204202384968376,1.4216681050781865,1.5,3.0,1.5,86.0,long
2024-12-15 11:00:00+00:00,2024-12-19 17:00:00+00:00,102671.44,98855.86,0.000009749618650208908914245042487,-0.03816425686570254954539445914,-3.812584940855996565354493908,ranging,trend_macd,stop_loss,-5.036882700778327449191323313,5.533729730487855239977154309,-1.2708616469519989,1.5,3.0,1.5,102.0,long
2024-12-20 06:00:00+00:00,2024-12-20 11:00:00+00:00,97281.37,92723.98,0.00001028589280454364441576964921,-0.04783057392718980841791937825,-4.780066296352528752421969384,trending_down,trend_macd,stop_loss,-4.799757651439324919046678722,0.9782242992671669817149984627,-0.7966777160587548,1.5,6.0,1.5,5.0,long
2024-12-20 15:00:00+00:00,2024-12-21 04:00:00+00:00,96991.62,97588.0,0.00001031168917438306583058146555,0.005143388066668878171767390365,0.5142629847815718512589025731,trending_down,range_rsi_bb,stop_loss,-1.647338192722216620363697400,0.8504033647442944039907777600,0.08571049746359531,1.5,6.0,1.5,13.0,long
2024-12-22 04:00:00+00:00,2024-12-22 10:00:00+00:00,96076.01,97009.03,0.00001041049552162441741967073320,0.008703288459213885182703826743,0.8701557964365922356684046305,ranging,range_rsi_bb,signal_exit,-0.1933156882763969902580259109,1.327657133138647202355718144,0.29005193214553077,1.5,3.0,1.5,6.0,long
2024-12-22 14:00:00+00:00,2024-12-24 05:00:00+00:00,95363.44,94606.06,0.00001048919695771392981532845919,-0.008936649588566677670478221551,-0.8934095288508887682742988300,ranging,range_rsi_bb,signal_exit,-2.981687741130143795148329381,1.232631708755472747207944680,-0.29780317628362957,1.5,3.0,1.5,39.0,long
2024-12-24 13:00:00+00:00,2024-12-27 02:00:00+00:00,96085.02,96073.77,0.00001040949503085131497429653255,-0.001117186250507229432498956971,-0.1116966723845194599532788774,ranging,range_rsi_bb,signal_exit,-0.9219751424311510784927765015,4.036716649483967428013232448,-0.037232224128173154,1.5,3.0,1.5,61.0,long
2024-12-27 15:00:00+00:00,2024-12-28 16:00:00+00:00,94573.75,94874.89,0.00001057571859386715810716247189,0.002181401759093054692361259052,0.2180997475515140300559087484,ranging,range_rsi_bb,signal_exit,-1.135346753195257669279266181,0.8105949060918066588244623905,0.07269991585050467,1.5,3.0,1.5,25.0,long
2024-12-28 22:00:00+00:00,2024-12-30 14:00:00+00:00,95326.4,91883.99,0.00001049244679736500145378594428,-0.03708339165632187247445692562,-3.707571029641316571275113714,ranging,trend_macd,stop_loss,-3.677826918880813709528525151,0.08654475570251263028919585760,-1.235857009880439,1.5,3.0,1.5,40.0,long
2024-12-31 13:00:00+00:00,2024-12-31 21:00:00+00:00,95587.12,93899.68,0.00001045994843727661065486056981,-0.01863272120207481769541391787,-1.863577101182669799027316651,ranging,range_rsi_bb,signal_exit,-2.508214495844209973059131816,0.6934825528795092895360797564,-0.62119236706089,1.5,3.0,1.5,8.0,long
2025-01-01 20:00:00+00:00,2025-01-03 14:00:00+00:00,94786.23,97016.01,0.00001054636331939513901631578480,0.02249290391306282107504232829,2.250077875235675055332404295,ranging,range_rsi_bb,signal_exit,-0.4159148433269262845457615521,3.221216837086990378243759668,0.7500259584118917,1.5,3.0,1.5,42.0,long
2025-01-03 15:00:00+00:00,2025-01-04 17:00:00+00:00,97521.35,98016.26,0.00001025288255643386536274602591,0.004069304903603797886476726893,0.4069813840764099348501635795,ranging,range_rsi_bb,signal_exit,-0.1177280667259015589919540695,1.492555219959526811308498088,0.1356604613588033,1.5,3.0,1.5,26.0,long
2025-01-04 20:00:00+00:00,2025-01-05 19:00:00+00:00,98599.02,98079.63,0.00001014123306036832591106987596,-0.006261903425529397864027729213,-0.6262431715852753911752875434,ranging,range_rsi_bb,signal_exit,-1.341017385365493490706094239,0.1819592121706686334204944430,-0.20874772386175847,1.5,3.0,1.5,23.0,long
2025-01-05 22:00:00+00:00,2025-01-08 06:00:00+00:00,98695.21,95284.31,0.00001013071477642797943176225719,-0.03552015319819693932864754181,-3.552537463570927099704230834,ranging,trend_macd,stop_loss,-3.481334099192858498401290194,4.082437232769452539793977844,-1.1841791545236424,1.5,3.0,1.5,56.0,long
2025-01-08 10:00:00+00:00,2025-01-10 14:00:00+00:00,95961.02,94115.63,0.00001041566482700663780460201620,-0.02020124057217235006939645033,-2.021139031244144757944423684,trending_down,range_rsi_bb,signal_exit,-4.957585903109408382695390274,0.1232792231679071356265283550,-0.33685650520735744,1.5,6.0,1.5,52.0,long
2025-01-12 09:00:00+00:00,2025-01-12 13:00:00+00:00,93906.22,94663.78,0.00001064142298957362767875734114,0.007054159075209457199935615739,0.7059130055495791439587281865,ranging,range_rsi_bb,signal_exit,-0.07423363436415606974703060138,0.8772794815934450348443372548,0.23530433518319305,1.5,3.0,1.5,4.0,long
2025-01-12 15:00:00+00:00,2025-01-12 23:00:00+00:00,95071.9,94545.06,0.00001051169009941645093420322472,-0.006531807183127297328736926844,-0.6535948687256697299622706603,ranging,range_rsi_bb,signal_exit,-1.337829579507719946692976579,0.2547755961540686575107892027,-0.21786495624188992,1.5,3.0,1.5,8.0,long
2025-01-13 08:00:00+00:00,2025-01-13 20:00:00+00:00,93039.1,93575.53,0.00001074065669047615044210647127,0.004756547826112769651679327017,0.4759874826820121862743728174,ranging,range_rsi_bb,signal_exit,-4.065398311032673359909973334,0.7996852936023671768106097329,0.1586624942273374,1.5,3.0,1.5,12.0,long
2025-01-15 13:00:00+00:00,2025-01-16 16:00:00+00:00,98964.0,99346.39,0.00001009810231366093464587834954,0.002858203333007943258143479675,0.2860066387777373590396507821,trending_up,range_rsi_bb,stop_loss,-1.645921749322986136372822440,1.922577907117739784163938402,0.04766777312962289,1.5,6.0,1.5,27.0,long
2025-01-17 01:00:00+00:00,2025-01-18 17:00:00+00:00,101659.8,103826.16,0.000009830603438158159033632629800,0.02027595225882155027896899709,2.028858840957782722374035755,ranging,range_rsi_bb,signal_exit,-0.8649043181277161670591521919,4.136758089234879470547846838,0.6762862803192609,1.5,3.0,1.5,40.0,long
2025-01-19 06:00:00+00:00,2025-01-19 09:00:00+00:00,105568.29,105299.81,0.000009468562377254183346439315337,-0.003539157446343216972937251464,-0.3540644733375902934489134948,ranging,range_rsi_bb,signal_exit,-2.005905371774043133596272138,0.02495067410867411037916783534,-0.1180214911125301,1.5,3.0,1.5,3.0,long
2025-01-19 19:00:00+00:00,2025-01-19 23:00:00+00:00,106200.0,101331.57,0.000009411907225523499049532455145,-0.04677493482981200870829792205,-4.679624830508474576271186441,ranging,range_rsi_bb,stop_loss,-6.166101694915254237288135593,0.2094444444444444444444444444,-1.559874943502825,1.5,3.0,1.5,4.0,long
2025-01-20 00:00:00+00:00,2025-01-20 06:00:00+00:00,99794.51,107486.5,0.00001001134028317086259527967778,0.07593104541740039845191779960,7.600120988619514239811388422,ranging,range_rsi_bb,take_profit,-0.1649890359700147833783642006,9.813656081882660679430161038,2.5333736628731716,1.5,3.0,1.5,6.0,long
2025-01-21 10:00:00+00:00,2025-01-21 14:00:00+00:00,103160.85,103260.91,0.000009692011150125958471239650848,-0.0000310232554105496817301757111,-0.003102834069319901881382326756,trending_down,range_rsi_bb,stop_loss,-0.1549521935889438677560334177,2.092993611433019406102218041,-0.000517139011553317,1.5,6.0,1.5,4.0,long
2025-01-21 17:00:00+00:00,2025-01-23 01:00:00+00:00,106173.26,102931.94,0.000009417020803768457118684738826,-0.03149289009202302202996824807,-3.149806212976789070995842080,ranging,range_rsi_bb,stop_loss,-3.376659998948887883823101975,1.005479157369755812339189736,-1.0499354043255964,1.5,3.0,1.5,32.0,long
2025-01-23 02:00:00+00:00,2025-01-23 22:00:00+00:00,102655.34,103978.82,0.000009736667077650292203412564323,0.01187387699046168296940642222,1.187956885633031852020557333,ranging,range_rsi_bb,signal_exit,-1.357026336866645222742431129,4.086158596328257253835991386,0.39598562854434394,1.5,3.0,1.5,20.0,long
2025-01-26 22:00:00+00:00,2025-01-27 02:00:00+00:00,104330.22,101000.0,0.000009581496215505936478139890964,-0.03287622144456827936252315668,-3.288807404029244834334673118,ranging,trend_macd,stop_loss,-3.349911463811731634420017517,0,-1.0962691346764148,1.5,3.0,1.5,4.0,long
2025-01-27 13:00:00+00:00,2025-01-27 22:00:00+00:00,100483.99,101637.18,0.000009944975770552662979214248792,0.01045766731635632571430234470,1.046487923100983549717721201,trending_down,range_rsi_bb,stop_loss,-1.612187175290312416933284596,1.911757285911914922964344867,0.17441465385016391,1.5,6.0,1.5,9.0,long
2025-01-28 20:00:00+00:00,2025-01-29 05:00:00+00:00,101264.48,102262.0,0.000009869358165386517014987662080,0.008835621852427602449803824378,0.8840789978875119884089663029,ranging,range_rsi_bb,signal_exit,-0.9794154870493582744907197469,1.106143042456742976411867221,0.2946929992958373,1.5,3.0,1.5,9.0,long
2025-01-29 19:00:00+00:00,2025-01-31 11:00:00+00:00,103583.99,104736.0,0.000009649211029331308057918756027,0.01010536783153191631504880730,1.011038481912117886171405446,ranging,range_rsi_bb,signal_exit,-0.6912168569679542176353700992,2.774029075342627755505459869,0.3370128273040393,1.5,3.0,1.5,40.0,long
2025-01-31 15:00:00+00:00,2025-01-31 15:00:00+00:00,105464.01,105464.01,0.000009478160677262880860698605460,-0.0009996048324484592397215263332,-0.100,ranging,range_rsi_bb,signal_exit,0,0,-0.03333333333333333,1.5,3.0,1.5,0.0,long
2025-01-31 18:00:00+00:00,2025-02-02 03:00:00+00:00,102627.29,99206.86,0.000009740049029845129449770417965,-0.03428143558365015770288348161,-3.429533080333700714498063819,ranging,trend_macd,stop_loss,-3.389332408563063489253199612,0.3794020089588256690788580698,-1.143177693444567,1.5,3.0,1.5,33.0,long
2025-02-03 08:00:00+00:00,2025-02-04 07:00:00+00:00,95340.0,98448.02,0.00001048093163461609244338263355,0.03154311817183618987469411036,3.156672938955317809943360605,trending_down,range_rsi_bb,stop_loss,-1.267946297461715963918607090,7.509974826935179358086847074,0.5261121564925529,1.5,6.0,1.5,23.0,long
2025-02-04 21:00:00+00:00,2025-02-05 11:00:00+00:00,96514.47,98198.0,0.00001035665898829488071012405937,0.01641874290723149982594239529,1.642584785473100562019353160,ranging,range_rsi_bb,signal_exit,-0.3776324938633554118879790771,2.503220501547591775616651058,0.5475282618243669,1.5,3.0,1.5,14.0,long
2025-02-05 18:00:00+00:00,2025-02-06 04:00:00+00:00,96723.66,97617.01,0.00001033595751706551355117358719,0.008224662379567517123960876544,0.8226870137048163810178398957,ranging,range_rsi_bb,signal_exit,-0.5879223346180241731960928691,1.175710265719886943897697833,0.27422900456827215,1.5,3.0,1.5,10.0,long
2025-02-06 10:00:00+00:00,2025-02-06 19:00:00+00:00,99013.3,95983.0,0.00001009777360494887662183106974,-0.03156849795900038885192790220,-3.157437435172850516041784286,ranging,range_rsi_bb,stop_loss,-3.369910910958426797208051848,0.1077633004858943192480202155,-1.0524791450576167,1.5,3.0,1.5,9.0,long
2025-02-07 13:00:00+00:00,2025-02-07 18:00:00+00:00,98828.01,97751.99,0.00001011351136483770746503776589,-0.01187095636059317191827523389,-1.187691616981865768621669099,ranging,range_rsi_bb,signal_exit,-1.702149016255614172540760458,1.325514902101135093178543209,-0.3958972056606219,1.5,3.0,1.5,5.0,long
2025-02-07 20:00:00+00:00,2025-02-08 17:00:00+00:00,95764.31,96377.71,0.00001043582408452260210523778875,0.005395553666217029297208862534,0.5398903725197832052462968720,ranging,range_rsi_bb,signal_exit,-0.1379219460778237738046668952,1.165037371438273820382562147,0.1799634575065944,1.5,3.0,1.5,21.0,long
2025-02-09 01:00:00+00:00,2025-02-10 00:00:00+00:00,96992.36,96717.98,0.00001030424920346665284054967128,-0.003823886064823083866489245102,-0.3826053722169457470670885831,ranging,range_rsi_bb,signal_exit,-2.350040766097453448910821430,0.3409856198983095163371630508,-0.12753512407231524,1.5,3.0,1.5,23.0,long
2025-02-11 05:00:00+00:00,2025-02-11 19:00:00+00:00,98412.24,95040.82,0.00001015519217336890827265949258,-0.03520257578855396793334800823,-3.522387885897120114327242221,ranging,trend_macd,stop_loss,-3.592398669108639331855468385,0.06478868888666694305505087579,-1.17412929529904,1.5,3.0,1.5,14.0,long
2025-02-12 13:00:00+00:00,2025-02-12 16:00:00+00:00,94975.38,96986.14,0.00001051897011261041619193961574,0.02013093003563507087185477931,2.015021008602439916534158643,ranging,range_rsi_bb,signal_exit,-0.5005297162275107506808606609,2.231062407962989987510447444,0.6716736695341466,1.5,3.0,1.5,3.0,long
2025-02-14 17:00:00+00:00,2025-02-14 23:00:00+00:00,98526.0,97500.48,0.00001014193708213236526902885015,-0.01138960305010608826796010843,-1.139821448145667133548504963,ranging,range_rsi_bb,signal_exit,-1.855794409597466658546982522,0.2157501573188802955565028520,-0.3799404827152224,1.5,3.0,1.5,6.0,long
2025-02-16 07:00:00+00:00,2025-02-18 01:00:00+00:00,97248.98,96266.24,0.00001027394422978701020425774017,-0.01108564993335217788133777621,-1.109529621801688819769626375,ranging,range_rsi_bb,signal_exit,-2.101800964904721879859305465,0.1438678328554191519540873334,-0.3698432072672296,1.5,3.0,1.5,42.0,long
2025-02-18 16:00:00+00:00,2025-02-18 22:00:00+00:00,94639.98,95304.43,0.00001055600117861752335360640937,0.006007901307724942141076631417,0.6013796389221553089930915033,ranging,range_rsi_bb,signal_exit,-1.322791910987301561137269894,0.9449177821043495571321971962,0.20045987964071843,1.5,3.0,1.5,6.0,long
2025-02-20 02:00:00+00:00,2025-02-20 16:00:00+00:00,97134.52,97550.73,0.00001028552794040075646903134207,0.003277578825052708563869305071,0.3280597567167676331751060282,ranging,range_rsi_bb,signal_exit,-0.3633620673680170551107886259,0.9549951963524398946944917214,0.10935325223892255,1.5,3.0,1.5,14.0,long
2025-02-20 18:00:00+00:00,2025-02-21 19:00:00+00:00,98295.08,95285.11,0.00001016442120221751296546981772,-0.03156312087837827546751640502,-3.159115502016988032361334870,ranging,trend_macd,stop_loss,-3.100796092744418133644125423,1.200385614417323837571524434,-1.0530385006723293,1.5,3.0,1.5,25.0,long
2025-02-22 06:00:00+00:00,2025-02-22 13:00:00+00:00,96395.18,96566.03,0.00001036148243114316329496161329,0.000769692050070565807908029633,0.07706191326163818564372202015,trending_down,range_rsi_bb,stop_loss,-0.2533114207577598796952295748,0.6066900855416214794142196736,0.01284365221027303,1.5,6.0,1.5,7.0,long
2025-02-23 05:00:00+00:00,2025-02-23 23:00:00+00:00,96208.62,96258.0,0.00001038165458497776537326173981,-0.0004866712036345876851677638388,-0.04872536369402242751221252316,ranging,range_rsi_bb,signal_exit,-1.019326542673619058250705602,0.3631587273572783810847718219,-0.016241787898007475,1.5,3.0,1.5,18.0,long
2025-02-24 14:00:00+00:00,2025-02-24 23:00:00+00:00,94674.44,91552.88,0.00001054983577642864527499127757,-0.03389781321512768053402561585,-3.393854645456577297948633232,ranging,trend_macd,stop_loss,-3.512225686257029880504178319,0.5494091118996848568631617995,-1.131284881818859,1.5,3.0,1.5,9.0,long
2025-02-25 20:00:00+00:00,2025-02-26 18:00:00+00:00,88161.03,84258.94,0.00001132542140323446668627969696,-0.04514708160583702884631638252,-4.521667838953333462642167407,trending_down,trend_macd,stop_loss,-5.379962098900160308925610329,1.473598935947095899401356813,-0.7536113064922223,1.5,6.0,1.5,22.0,long
2025-02-27 03:00:00+00:00,2025-02-28 01:00:00+00:00,85226.32,81661.55,0.00001171010722130367173280087406,-0.04270010442564454073732827704,-4.278527513566231652381564756,trending_down,trend_macd,stop_loss,-4.828696111717600853820744577,2.173201893499566800490740419,-0.7130879189277053,1.5,6.0,1.5,22.0,long
2025-02-28 12:00:00+00:00,2025-02-28 17:00:00+00:00,80779.61,83605.12,0.00001234943253913804608449172391,0.03386096934429339955273275010,3.394303191114688471509085027,trending_down,range_rsi_bb,stop_loss,-0.1962252603101203385359250930,5.125538486754268806199980416,0.5657171985191147,1.5,6.0,1.5,5.0,long
2025-03-01 21:00:00+00:00,2025-03-02 15:00:00+00:00,86076.86,87427.99,0.00001159337078427726142499617009,0.01465056596276645166006312438,1.468108862242419158877310347,ranging,range_rsi_bb,signal_exit,-1.192260033648996954582218729,3.016176472980078501934201596,0.48936962074747303,1.5,3.0,1.5,18.0,long
2025-03-02 16:00:00+00:00,2025-03-03 18:00:00+00:00,91200.0,87132.8,0.00001094372214458280369933548755,-0.04546386385932668372411075413,-4.555189473684210526315789473,ranging,trend_macd,stop_loss,-4.844320175438596491228070175,4.166666666666666666666666667,-1.51839649122807,1.5,3.0,1.5,26.0,long
2025-03-04 11:00:00+00:00,2025-03-04 19:00:00+00:00,83937.94,88206.19,0.00001188512394928155766679710459,0.04968033879527712907225327957,4.979921844639027357593002640,trending_down,range_rsi_bb,take_profit,-2.904455363093256756122439984,5.420635769712718706225099163,0.8299869741065046,1.5,6.0,1.5,8.0,long
2025-03-07 00:00:00+00:00,2025-03-07 09:00:00+00:00,85529.22,88933.7,0.00001166980856759024812611266524,0.03869179061798214709061478062,3.876507116515268115387934089,ranging,range_rsi_bb,signal_exit,-0.3849210831105439754974966450,4.881115483106241352370569964,1.2921690388384226,1.5,3.0,1.5,9.0,long
2025-03-08 10:00:00+00:00,2025-03-09 21:00:00+00:00,86123.19,81845.11,0.00001159381744036061626727695569,-0.05054817577898417831877527044,-5.062428725642884338120777923,trending_down,trend_macd,stop_loss,-5.304250806315929542321876373,0.5855797956392465258195847135,-0.8437381209404807,1.5,6.0,1.5,35.0,long
2025-03-10 03:00:00+00:00,2025-03-10 11:00:00+00:00,82047.49,83582.0,0.00001216357819701371951196308729,0.01764847618623672202405357832,1.768400227721774304125574104,trending_down,range_rsi_bb,stop_loss,-1.092647684895662256090954154,2.530205372522669492997287303,0.29473337128696236,1.5,6.0,1.5,8.0,long
2025-03-11 02:00:00+00:00,2025-03-11 11:00:00+00:00,79354.53,81720.34,0.00001257858304050901125292830568,0.02873061146027799373963718772,2.878335565720066642698280740,trending_down,range_rsi_bb,stop_loss,-0.09404630082239791477562780600,3.450099194085076176495532139,0.4797225942866778,1.5,6.0,1.5,9.0,long
2025-03-11 18:00:00+00:00,2025-03-12 07:00:00+00:00,83280.94,82447.79,0.00001198899593784803976369903117,-0.01097709818501264256347495516,-1.099408568154970392985477829,ranging,range_rsi_bb,signal_exit,-2.383426507914055725115494614,0.6031632207801689077957093184,-0.36646952271832345,1.5,3.0,1.5,13.0,long
2025-03-12 12:00:00+00:00,2025-03-12 14:00:00+00:00,84069.0,81535.72,0.00001187530576524421846640971634,-0.03105173619476721208508241825,-3.110320950647682260999892945,ranging,range_rsi_bb,stop_loss,-3.021827308520382067111539331,0.1761886069776017319106924074,-1.0367736502158942,1.5,3.0,1.5,2.0,long
2025-03-13 13:00:00+00:00,2025-03-14 02:00:00+00:00,81777.15,82226.98,0.00001220432068146625958634835793,0.004486345139555455052045607147,0.4495180132836617563708199662,ranging,range_rsi_bb,signal_exit,-2.246654474996988767644751621,0.9138371782337731261116338733,0.14983933776122058,1.5,3.0,1.5,13.0,long
2025-03-14 15:00:00+00:00,2025-03-15 13:00:00+00:00,84724.58,84460.0,0.00001178028178443332601568834068,-0.004111789554038608112515858431,-0.4119701744169165547943701816,ranging,range_rsi_bb,signal_exit,-1.306090865248314007576077686,0.2660621038192222375135999494,-0.13732339147230552,1.5,3.0,1.5,22.0,long
2025-03-16 10:00:00+00:00,2025-03-16 17:00:00+00:00,83666.98,83913.22,0.00001192870005075148760719154577,0.001936347468824325563485308468,0.1940153451218150816486982081,ranging,range_rsi_bb,signal_exit,-1.536472333529906302342931465,1.733132951613647343312738191,0.0646717817072717,1.5,3.0,1.5,7.0,long
2025-03-16 22:00:00+00:00,2025-03-17 03:00:00+00:00,82093.71,83675.65,0.00001215754132742827607446146324,0.01821521075453746322432355582,1.825065952068678586946551691,ranging,range_rsi_bb,signal_exit,-0.1371481444802531156162877765,1.987582239857353261291273107,0.6083553173562262,1.5,3.0,1.5,5.0,long
2025-03-17 18:00:00+00:00,2025-03-18 13:00:00+00:00,84496.58,81366.64,0.00001181396719434629563100685264,-0.03793827129594642961925529577,-3.800516707303419854389372919,ranging,range_rsi_bb,stop_loss,-3.978764584318087193588190197,0.3080006315048490719979435854,-1.2668389024344733,1.5,3.0,1.5,19.0,long
2025-03-18 21:00:00+00:00,2025-03-19 02:00:00+00:00,82062.98,82868.91,0.00001215969053818783880615630156,0.008792199094604785351923674116,0.8811050853868577524238091280,trending_down,range_rsi_bb,stop_loss,-0.07674593342820355780401832836,1.483031691025600093976601873,0.1468508475644763,1.5,6.0,1.5,5.0,long
2025-03-20 16:00:00+00:00,2025-03-21 20:00:00+00:00,83802.01,84216.2,0.00001190840605651873863223981965,0.003929461998412502957686975801,0.3937540400283955002988591801,ranging,range_rsi_bb,signal_exit,-0.7479056886583030645684990133,1.250948515435369628962360211,0.13125134667613184,1.5,3.0,1.5,28.0,long
2025-03-23 10:00:00+00:00,2025-03-26 06:00:00+00:00,84461.98,87909.07,0.00001181582124942403700547778490,0.03969148141335399859241528057,3.977151530191454190394305224,ranging,range_rsi_bb,signal_exit,-0.00001183964666705658569690173022,5.095132744934466371733175093,1.3257171767304847,1.5,3.0,1.5,68.0,long
2025-03-26 13:00:00+00:00,2025-03-27 00:00:00+00:00,86841.31,87285.29,0.00001149665490843656740164155413,0.004100795988534857962723987675,0.4107431244415820074570501067,ranging,range_rsi_bb,signal_exit,-1.130003681427652346561791848,0.6483435130124131015527057342,0.13691437481386068,1.5,3.0,1.5,11.0,long
2025-03-27 13:00:00+00:00,2025-03-27 14:00:00+00:00,86383.83,87297.33,0.00001155801474450075799650786439,0.009549262641805894073738648235,0.9564320892000273662327775928,ranging,range_rsi_bb,signal_exit,-0.2253199470317535122024573349,1.085538809751778776189942030,0.31881069640000914,1.5,3.0,1.5,1.0,long
2025-03-28 04:00:00+00:00,2025-03-29 09:00:00+00:00,86305.38,83544.8,0.00001156962721736310033722362775,-0.03290546369565738427398608283,-3.295420053767215902415353481,ranging,trend_macd,stop_loss,-3.520904490542768017474692771,0,-1.0984733512557385,1.5,3.0,1.5,29.0,long
2025-03-29 19:00:00+00:00,2025-03-30 11:00:00+00:00,82758.4,83111.76,0.00001206151905807638135511891816,0.003259604297171599846789702623,0.3265508274688732503286675431,trending_down,range_rsi_bb,stop_loss,-0.6036124429665145773722063259,0.9379591678911143763050034800,0.05442513791147888,1.5,6.0,1.5,16.0,long
2025-03-31 08:00:00+00:00,2025-03-31 15:00:00+00:00,81899.15,83418.78,0.00001218846123383307537059836853,0.01750520477856610645435903500,1.753633853342800261052770389,trending_down,range_rsi_bb,stop_loss,-0.7427061208815964512452204937,2.495666926946128256520366817,0.29227230889046674,1.5,6.0,1.5,7.0,long
2025-04-01 08:00:00+00:00,2025-04-02 09:00:00+00:00,84121.94,85019.62,0.00001186848124171489359140415644,0.009645044475914897277650066503,0.9660504500966097548392250580,ranging,range_rsi_bb,signal_exit,-1.875776997059268961224622257,1.732627659324071698774421988,0.32201681669886995,1.5,3.0,1.5,25.0,long
2025-04-02 14:00:00+00:00,2025-04-02 22:00:00+00:00,85877.75,82821.59,0.00001162694781071261094725073101,-0.03649677512571769054425250575,-3.655174466028744348798146202,ranging,range_rsi_bb,stop_loss,-3.721278212342545071336871308,3.053468447880853888230653458,-1.2183914886762481,1.5,3.0,1.5,8.0,long
2025-04-02 23:00:00+00:00,2025-04-03 22:00:00+00:00,82516.29,82743.46,0.00001209617094515722589890819061,0.001747008116857587892577699748,0.1750279126703345484873350463,ranging,range_rsi_bb,signal_exit,-1.581566500384348351095280702,1.795681798103138180352025037,0.05834263755677818,1.5,3.0,1.5,23.0,long
2025-04-04 07:00:00+00:00,2025-04-04 13:00:00+00:00,83992.85,83335.99,0.00001188373319492476233094536876,-0.008796291657113197429068814866,-0.8812607144536707588800713394,ranging,range_rsi_bb,signal_exit,-2.778629371428639461573217244,0.8657284518860831606499838974,-0.29375357148455694,1.5,3.0,1.5,6.0,long
2025-04-05 13:00:00+00:00,2025-04-05 23:00:00+00:00,82755.29,83537.99,0.00001206038498281820040476510962,0.008432163005960988459578387620,0.8448547639673548361681772851,ranging,range_rsi_bb,signal_exit,-0.4535540869955262074484906040,1.127069943202422467494223028,0.28161825465578494,1.5,3.0,1.5,10.0,long
2025-04-06 13:00:00+00:00,2025-04-06 18:00:00+00:00,82306.01,79107.3,0.00001212724293638854321402592365,-0.03975088669819716646873177519,-3.982476249304273163041192253,ranging,trend_macd,stop_loss,-4.387310234088616372000052001,0.6241707015077027789343694343,-1.3274920831014243,1.5,3.0,1.5,5.0,long
2025-04-07 11:00:00+00:00,2025-04-07 16:00:00+00:00,76685.62,77434.01,0.00001301088091258625580642580049,0.008729728483476414724993671330,0.8749436856610144118284497146,trending_down,range_rsi_bb,stop_loss,-1.169202257215890019536909267,5.943695832412908704395948028,0.14582394761016906,1.5,6.0,1.5,5.0,long
2025-04-08 16:00:00+00:00,2025-04-09 03:00:00+00:00,77414.25,75073.33,0.00001288954897596602168388394167,-0.03114106435264223869489897156,-3.120863833209002218583787868,ranging,trend_macd,stop_loss,-3.609477583261479637146907708,0.7566307236716754344322912125,-1.0402879444030007,1.5,3.0,1.5,11.0,long
2025-04-09 07:00:00+00:00,2025-04-09 10:00:00+00:00,77694.12,77190.0,0.00001283911004036278642134904729,-0.007463503057563291374594414680,-0.7482033389399352228971767748,trending_down,range_rsi_bb,stop_loss,-0.9577558765064846606152434702,0.2392459043232615286716678173,-0.1247005564899892,1.5,6.0,1.5,3.0,long
2025-04-09 17:00:00+00:00,2025-04-10 15:00:00+00:00,82202.16,78757.0,0.00001213409381381919330150104934,-0.04275953947011229020144567328,-4.286891001404342659608944582,ranging,range_rsi_bb,stop_loss,-4.374702562560399872704074929,1.685892438836157103414314174,-1.428963667134781,1.5,3.0,1.5,22.0,long
2025-04-11 09:00:00+00:00,2025-04-13 17:00:00+00:00,82450.0,84754.85,0.00001209243330192691832551732008,0.02684635252530643702892712355,2.692656337174044875682231655,ranging,range_rsi_bb,signal_exit,-1.344790782292298362644026683,4.426925409338993329290479078,0.8975521123913482,1.5,3.0,1.5,56.0,long
2025-04-15 18:00:00+00:00,2025-04-16 10:00:00+00:00,84196.0,83937.02,0.00001184485711042243669900223659,-0.004061803102631872933960483945,-0.4072842177775666302437170412,ranging,range_rsi_bb,signal_exit,-1.287899662691814337973300394,0.04733003943180198584255784123,-0.13576140592585553,1.5,3.0,1.5,16.0,long
2025-04-16 15:00:00+00:00,2025-04-16 18:00:00+00:00,84846.58,84029.97,0.00001175355531405156414766337909,-0.01058572170544074131240462131,-1.061492366575058181484745761,ranging,range_rsi_bb,signal_exit,-1.852260868970794108613452658,0.7701194320383921190459297240,-0.35383078885835273,1.5,3.0,1.5,3.0,long
2025-04-22 01:00:00+00:00,2025-04-22 01:00:00+00:00,88400.01,88400.01,0.00001127989820386951035601385861,-0.0009971431140210467541667286613,-0.100,ranging,range_rsi_bb,signal_exit,0,0,-0.03333333333333333,1.5,3.0,1.5,0.0,long
2025-04-22 02:00:00+00:00,2025-04-24 07:00:00+00:00,88169.21,92203.55,0.00001130931242992770995338607428,0.04458285275445609627227104434,4.471103291046840501349620803,ranging,range_rsi_bb,take_profit,-0.3891721384369895114178747887,7.402629557415791748616098522,1.49036776368228,1.5,3.0,1.5,53.0,long
2025-04-24 08:00:00+00:00,2025-04-24 14:00:00+00:00,92017.75,93101.83,0.00001084115804958772741848077903,0.01074335096466121537162490658,1.076942405133792121628707504,ranging,range_rsi_bb,signal_exit,-0.04454575340083842519513898134,1.502155834064623401463304634,0.35898080171126406,1.5,3.0,1.5,6.0,long
2025-04-24 23:00:00+00:00,2025-04-28 02:00:00+00:00,93980.47,93621.64,0.00001061589077631871512044604537,-0.004803177191806275818938610759,-0.4814315570032795111580097439,ranging,range_rsi_bb,signal_exit,-1.256069479116246173274085563,0,-0.16047718566775984,1.5,3.0,1.5,75.0,long
2025-04-28 06:00:00+00:00,2025-04-30 03:00:00+00:00,94583.99,95032.84,0.00001054764525005954658983445895,0.003731937887063558605302913136,0.3740772196224752201720396866,ranging,range_rsi_bb,signal_exit,-0.8896325900398154063917159765,0.9277891533228826569908924333,0.12469240654082507,1.5,3.0,1.5,45.0,long
2025-04-30 13:00:00+00:00,2025-04-30 20:00:00+00:00,93032.58,94555.99,0.00001072393877751267663052545244,0.01532294292524348582935958112,1.535864113410592289281883830,ranging,range_rsi_bb,signal_exit,-0.1317602930070304403038161470,1.834368132110277926292058116,0.5119547044701974,1.5,3.0,1.5,7.0,long
2025-05-01 10:00:00+00:00,2025-05-02 10:00:00+00:00,96169.01,96888.0,0.00001037578448258230717464787453,0.006454796278183418457962792041,0.6468840637956031781963857172,ranging,range_rsi_bb,signal_exit,-0.4152585120716122584603917624,1.305004595555262552874361502,0.21562802126520106,1.5,3.0,1.5,24.0,long
2025-05-02 14:00:00+00:00,2025-05-02 20:00:00+00:00,97748.4,97022.31,0.00001020879594577593657478140635,-0.008402985613246265896481811126,-0.8420724124384644659145315933,ranging,range_rsi_bb,signal_exit,-1.001100785281395910316690606,0.1460791174075483588478174579,-0.2806908041461548,1.5,3.0,1.5,6.0,long
2025-05-03 23:00:00+00:00,2025-05-06 03:00:00+00:00,95856.42,94454.01,0.00001040941691511066338621239977,-0.01558148154531437719004607143,-1.561568865183990806249597053,ranging,range_rsi_bb,signal_exit,-2.443571333041647080080812532,0.4674282640641075475174224116,-0.5205229550613303,1.5,3.0,1.5,52.0,long
2025-05-06 13:00:00+00:00,2025-05-06 15:00:00+00:00,93616.92,94558.95,0.00001065676615887917432292685490,0.009031300806269800686583860794,0.9052541463658492503278253545,ranging,range_rsi_bb,signal_exit,-0.005244778401169361265036277630,1.192583562885854394697026990,0.30175138212194974,1.5,3.0,1.5,2.0,long
2025-05-06 22:00:00+00:00,2025-05-07 21:00:00+00:00,96259.94,97120.63,0.00001036510035184482402817167121,0.007914473145644930620951905238,0.7932369062353456692368601103,ranging,range_rsi_bb,signal_exit,-0.4937983547465331891958378532,1.529255056672588825631929544,0.26441230207844857,1.5,3.0,1.5,23.0,long
2025-05-08 01:00:00+00:00,2025-05-11 16:00:00+00:00,97816.21,103984.13,0.00001020099922798090520547231281,0.06185820512839571875053327794,6.199315910931327230936467483,ranging,range_rsi_bb,take_profit,0,7.328396796400105872022643282,2.066438636977109,1.5,3.0,1.5,87.0,long
2025-05-12 14:00:00+00:00,2025-05-13 08:00:00+00:00,102799.99,102722.0,0.000009712468500680808011324497520,-0.001755159607695030177342472596,-0.1757899003686673510376800620,ranging,range_rsi_bb,signal_exit,-2.024922375965211669767672156,0.3952918672462905881605630506,-0.05859663345622245,1.5,3.0,1.5,18.0,long
2025-05-13 17:00:00+00:00,2025-05-14 11:00:00+00:00,104268.17,103944.93,0.000009575540772886156019179245278,-0.004090526714777518457022164552,-0.4096983096567245785554690372,ranging,range_rsi_bb,signal_exit,-1.335930226837202571024311638,0.6790950680346648454653035533,-0.1365661032189082,1.5,3.0,1.5,18.0,long
2025-05-15 03:00:00+00:00,2025-05-16 09:00:00+00:00,102753.63,103793.65,0.000009716281632892943356548421555,0.009096638888735400299458077315,0.9111370080064324734804989376,ranging,range_rsi_bb,signal_exit,-1.333831223286223562126223667,1.666491003772810751308737219,0.30371233600214415,1.5,3.0,1.5,30.0,long
2025-05-17 01:00:00+00:00,2025-05-17 19:00:00+00:00,102829.57,103158.6,0.000009709990757240010682459619021,0.002193209206324861348862109591,0.2196560775271159842446097946,ranging,range_rsi_bb,signal_exit,-0.1843341365718051723837802687,0.8560669854011837256540117789,0.07321869250903866,1.5,3.0,1.5,18.0,long
2025-05-18 07:00:00+00:00,2025-05-18 21:00:00+00:00,103919.39,104180.38,0.000009608371511447747469324230901,0.001506685085528946930520694305,0.1508954392438215813237548835,ranging,range_rsi_bb,signal_exit,-0.6097803306967063605742874357,1.982892701737375479205565006,0.05029847974794053,1.5,3.0,1.5,14.0,long
2025-05-18 22:00:00+00:00,2025-05-19 06:00:00+00:00,105928.1,102208.0,0.000009426310612706951444947308545,-0.03603026246543468216363365703,-3.608398526925338979930726597,ranging,range_rsi_bb,stop_loss,-3.708270043548406891089333236,0.6909403642659502058471736961,-1.202799508975113,1.5,3.0,1.5,8.0,long
2025-05-21 14:00:00+00:00,2025-05-21 19:00:00+00:00,108999.99,108603.79,0.000009157348276722125172065489710,-0.004622664116439297563713061334,-0.4631227856075950098711018231,ranging,range_rsi_bb,signal_exit,-2.644330517828487874173199465,0.7752386032328993791650806573,-0.15437426186919834,1.5,3.0,1.5,5.0,long
2025-05-22 02:00:00+00:00,2025-05-23 09:00:00+00:00,110471.51,111335.02,0.000009034950675953143788459572311,0.006795863843986042410021703034,0.6808768885299024155639766307,ranging,range_rsi_bb,signal_exit,-0.1799468478343420851222183892,1.365501385832419598501007183,0.2269589628433008,1.5,3.0,1.5,31.0,long
2025-05-23 11:00:00+00:00,2025-05-27 07:00:00+00:00,109076.35,109547.16,0.000009151136819177615899160081393,0.003305965676524671984159724619,0.3312018049742221847357378570,ranging,range_rsi_bb,signal_exit,-2.269703744212196319367122204,1.233878838079932084269413122,0.11040060165807407,1.5,3.0,1.5,92.0,long
2025-05-28 13:00:00+00:00,2025-05-30 16:00:00+00:00,108068.45,103898.75,0.000009236790776986896644693167537,-0.03947433751854273026713991492,-3.954529513470397697015178806,ranging,trend_macd,stop_loss,-4.036090089198096206617194935,0.7619800228466310009998292749,-1.3181765044901326,1.5,3.0,1.5,51.0,long
2025-05-31 06:00:00+00:00,2025-05-31 17:00:00+00:00,103862.52,104349.06,0.000009607035520302070115374823779,0.003671721936117637261341012352,0.3679777267102704613752872547,trending_down,range_rsi_bb,stop_loss,-0.5553591420658770844381592128,0.9470500041786007117870816152,0.06132962111837841,1.5,6.0,1.5,11.0,long
2025-06-01 16:00:00+00:00,2025-06-02 05:00:00+00:00,105038.8,104833.79,0.000009499800417440463331379769688,-0.002943454165583335257950733770,-0.2949803215573673728184251915,ranging,range_rsi_bb,signal_exit,-0.6845184826940140214853939687,0.7883848634980597645822305662,-0.09832677385245579,1.5,3.0,1.5,13.0,long
2025-06-02 11:00:00+00:00,2025-06-02 20:00:00+00:00,104047.64,104878.62,0.000009590012820529033685142246811,0.006963321543203823688848270906,0.6978547326974451318645958717,ranging,range_rsi_bb,signal_exit,-0.3726754398273713848771581941,0.9113998164686868438342282439,0.2326182442324817,1.5,3.0,1.5,9.0,long
2025-06-02 22:00:00+00:00,2025-06-03 22:00:00+00:00,105695.49,105743.74,0.000009441158130410498543092447253,-0.0005428074908487072965069359583,-0.05439564166834365401967482245,ranging,range_rsi_bb,signal_exit,-0.7786424945851521195464442239,1.039949765122428591797057755,-0.01813188055611455,1.5,3.0,1.5,24.0,long
2025-06-04 13:00:00+00:00,2025-06-04 16:00:00+00:00,104761.17,105445.89,0.000009525307961779283847092174117,0.005517764292035608666961695249,0.5529473468079823850764553316,ranging,range_rsi_bb,signal_exit,-0.5557116248319868897989589082,0.7453429548371786989396930179,0.18431578226932746,1.5,3.0,1.5,3.0,long
2025-06-05 12:00:00+00:00,2025-06-05 12:00:00+00:00,105649.59,105649.59,0.000009445730781626633985708291677,-0.0009979375843292334136701468753,-0.100,ranging,range_rsi_bb,signal_exit,0,0,-0.03333333333333333,1.5,3.0,1.5,0.0,long
2025-06-05 16:00:00+00:00,2025-06-08 11:00:00+00:00,103262.53,105686.71,0.000009663985619501963793991975345,0.02240588581347179619819333715,2.245241608935980941005416001,ranging,range_rsi_bb,signal_exit,-2.798953308620271070251716668,2.554140403106528573336330225,0.748413869645327,1.5,3.0,1.5,67.0,long
2025-06-08 15:00:00+00:00,2025-06-09 03:00:00+00:00,105984.52,105659.13,0.000009417900499162753572861320759,-0.004059577816590670655986263924,-0.4067095175786048755044604627,trending_up,range_rsi_bb,stop_loss,-0.6285351860818919593163227988,0.4751826021385009810866719027,-0.06778491959643415,1.5,6.0,1.5,12.0,long
2025-06-09 09:00:00+00:00,2025-06-11 12:00:00+00:00,106612.52,109714.87,0.000009362043670230840923668554543,0.02801718077612694975761216480,2.807020348079193700702319014,ranging,range_rsi_bb,signal_exit,-0.04429123333732285851605421202,3.674662225412174855260901815,0.9356734493597312,1.5,3.0,1.5,51.0,long
2025-06-11 19:00:00+00:00,2025-06-13 01:00:00+00:00,108742.37,103773.65,0.000009181253267159067823232180485,-0.04657184889670612507326455799,-4.664689255899057561463852591,ranging,trend_macd,stop_loss,-5.589412848000278088476460463,0.4387802105104017872702241086,-1.5548964186330192,1.5,3.0,1.5,30.0,long
2025-06-13 09:00:00+00:00,2025-06-14 02:00:00+00:00,104830.36,105374.17,0.000009519432360550446844199292272,0.004173660228126794419007397392,0.4182336395677740685045820695,trending_down,range_rsi_bb,stop_loss,-0.6795359664890972424400717502,1.287003116272804939332460558,0.06970560659462902,1.5,6.0,1.5,17.0,long
2025-06-14 21:00:00+00:00,2025-06-14 23:00:00+00:00,105315.54,105414.64,0.000009475973421913180227556785965,-0.0000598373608089498443921391830,-0.005995924248216360092727056242,trending_down,range_rsi_bb,stop_loss,-0.02477317212635476207974625587,0.1561592904522922258196653599,-0.00099932070803606,1.5,6.0,1.5,2.0,long
2025-06-15 05:00:00+00:00,2025-06-15 12:00:00+00:00,106073.94,105289.81,0.000009408217132132796418083667611,-0.008367854694100296684940656211,-0.8384904058433202349229226331,ranging,range_rsi_bb,signal_exit,-1.137225599426211565253444908,0.05150181090661853420359420985,-0.27949680194777343,1.5,3.0,1.5,7.0,long
2025-06-15 20:00:00+00:00,2025-06-15 23:00:00+00:00,104729.53,105594.01,0.000009528191151377126549858215411,0.007230810774822070545144436162,0.7246151013949933700647754268,ranging,range_rsi_bb,signal_exit,-0.2243875247029180785973163443,0.8481752949717238299455750446,0.24153836713166446,1.5,3.0,1.5,3.0,long
2025-06-16 04:00:00+00:00,2025-06-17 02:00:00+00:00,106386.0,107482.39,0.000009380513311353312813928749187,0.009276460999303590440404654068,0.9295467542721786701257684281,ranging,range_rsi_bb,signal_exit,-0.06924783336153253247607767939,2.412328689865207828097682026,0.30984891809072623,1.5,3.0,1.5,22.0,long
2025-06-17 09:00:00+00:00,2025-06-18 11:00:00+00:00,106160.57,104840.59,0.000009401306471429331746495219058,-0.01339517503339275860234704845,-1.342137283173969393721228136,ranging,range_rsi_bb,signal_exit,-2.627670518347819722520329346,0.08276142451006056203353090512,-0.4473790943913231,1.5,3.0,1.5,26.0,long
2025-06-18 18:00:00+00:00,2025-06-18 20:00:00+00:00,103623.39,104822.33,0.000009630201270208325025276672448,0.01053657337539137299125840396,1.055859753285431020930699140,ranging,range_rsi_bb,signal_exit,-0.1190754326798225767367772855,1.317743030796425401639533314,0.3519532510951437,1.5,3.0,1.5,2.0,long
2025-06-19 16:00:00+00:00,2025-06-19 22:00:00+00:00,104001.13,104596.29,0.000009596236769110552539870644396,0.004707565511493286054108866235,0.4716907498985828327057600240,ranging,range_rsi_bb,signal_exit,-0.06909540309802403108504686439,0.7822991923260833800555820884,0.15723024996619428,1.5,3.0,1.5,6.0,long
2025-06-20 07:00:00+00:00,2025-06-21 19:00:00+00:00,105811.74,102245.1,0.000009432474538176590725485264298,-0.03460666528924547488153107646,-3.467370539412734352539708733,ranging,trend_macd,stop_loss,-3.403507021054563510627459675,0.6737532149079109747179282753,-1.1557901798042447,1.5,3.0,1.5,36.0,long
2025-06-22 05:00:00+00:00,2025-06-23 08:00:00+00:00,102853.89,101881.37,0.000009700366964606482430393666675,-0.01042208755627594623409588512,-1.044589922656304005614177549,trending_down,range_rsi_bb,stop_loss,-4.524758373261332167407572042,0.09001117993689883775907746416,-0.17409832044271734,1.5,6.0,1.5,27.0,long
2025-06-23 20:00:00+00:00,2025-06-26 19:00:00+00:00,103739.99,107532.98,0.000009616506188806325099128136507,0.03544122024140971625698398657,3.552590490899411114267506677,ranging,range_rsi_bb,signal_exit,-0.1116252276484699873211863622,4.369057679685529177321108282,1.1841968302998036,1.5,3.0,1.5,71.0,long
2025-06-29 08:00:00+00:00,2025-06-29 18:00:00+00:00,107693.85,107640.01,0.000009266737776243679419789261224,-0.001496392908775207115144364100,-0.1499435761652127767741611986,ranging,range_rsi_bb,signal_exit,-0.3504285527910832419864272658,0.7750210434486277535811004992,-0.04998119205507093,1.5,3.0,1.5,10.0,long
2025-06-30 14:00:00+00:00,2025-07-05 19:00:00+00:00,106803.32,108141.78,0.000009343864068411287428253356603,0.01149592620856973337663704741,1.151947542454672757363722402,ranging,range_rsi_bb,signal_exit,-1.594641439985198961979833586,3.488524514031960804214700442,0.3839825141515576,1.5,3.0,1.5,125.0,long
2025-07-06 13:00:00+00:00,2025-07-07 07:00:00+00:00,108772.17,109061.08,0.000009175790676945383365482978383,0.001650256043394696097268078941,0.1653446097471439615482526459,ranging,range_rsi_bb,signal_exit,-0.4647328448076378360383910701,0.8530031165140862777675576391,0.055114869915714654,1.5,3.0,1.5,18.0,long
2025-07-07 12:00:00+00:00,2025-07-08 16:00:00+00:00,108346.85,108439.37,0.000009211962931617783692894249695,-0.0001466486463347081971871499317,-0.01469296984637762888353468513,ranging,range_rsi_bb,signal_exit,-0.8466143685764745352541398296,0.8027090773751151971653998247,-0.00489765661545921,1.5,3.0,1.5,28.0,long
2025-07-09 12:00:00+00:00,2025-07-12 16:00:00+00:00,109330.77,117191.08,0.000009129046648725595914347694305,0.07068729382730975561266033123,7.082287008497241901799465969,ranging,range_rsi_bb,take_profit,-0.7571244581923277408546560131,8.725091755962205333411627852,2.3607623361657475,1.5,3.0,1.5,76.0,long
2025-07-13 12:00:00+00:00,2025-07-22 03:00:00+00:00,118432.11,117210.0,0.000008433460928876146997470652760,-0.01129510289126240119665239465,-1.130875739695932125164366319,ranging,range_rsi_bb,signal_exit,-2.275725730125048012739112729,4.041040896763555086538608491,-0.37695857989864406,1.5,3.0,1.5,207.0,long
2025-07-22 10:00:00+00:00,2025-07-23 22:00:00+00:00,118955.99,118568.99,0.000008395370602022221777723404643,-0.004244439035940066621719626185,-0.4250050712032239822475522250,ranging,range_rsi_bb,signal_exit,-1.391262432434045565927365238,1.085956243145048853781974325,-0.14166835706774134,1.5,3.0,1.5,36.0,long
2025-07-25 01:00:00+00:00,2025-07-29 03:00:00+00:00,117359.26,118764.85,0.000008509232053696401910700786194,0.01094989381388268044319782580,1.096483694597256322168357231,ranging,range_rsi_bb,signal_exit,-2.246179807200556649726659831,2.079716589896698394315028912,0.3654945648657521,1.5,3.0,1.5,98.0,long
2025-07-29 15:00:00+00:00,2025-07-30 03:00:00+00:00,117400.01,118161.87,0.000008507211165725018419562846098,0.005476075918892314450888159451,0.5482947829391155929203072470,ranging,range_rsi_bb,signal_exit,-0.3826745840992688160759100446,0.7240118633720729666036655363,0.18276492764637187,1.5,3.0,1.5,12.0,long
2025-07-30 18:00:00+00:00,2025-07-30 23:00:00+00:00,116523.14,117840.3,0.000008571700322248591505956423841,0.01028020905896908409034620646,1.029254532619014557966769520,ranging,range_rsi_bb,signal_exit,-0.6238331716773166256934030442,1.188828244758938010081087756,0.34308484420633817,1.5,3.0,1.5,5.0,long
2025-07-31 19:00:00+00:00,2025-08-01 22:00:00+00:00,116785.79,113141.05,0.000008553302921340065719401946685,-0.03214229496301347357269519278,-3.217755387877240886926397467,ranging,trend_macd,stop_loss,-3.479198967614124971882281226,0.1748928529746641265174470284,-1.0725851292924136,1.5,3.0,1.5,27.0,long
2025-08-02 03:00:00+00:00,2025-08-03 12:00:00+00:00,113909.86,114009.99,0.000008766430016052844757745709803,-0.0001216779609585133247090628746,-0.01218506457649934781765160628,trending_down,range_rsi_bb,stop_loss,-1.674007851471330049918417949,0.3076555444805217037401327681,-0.0020308440960832247,1.5,6.0,1.5,33.0,long
2025-08-03 20:00:00+00:00,2025-08-04 11:00:00+00:00,114423.77,114493.09,0.000008727046828196341667673601636,-0.0003942276718043278798245696973,-0.03947876389669733832402131130,ranging,range_rsi_bb,signal_exit,-0.2405007281266820696433966474,0.5035929160523202477946671395,-0.013159587965565779,1.5,3.0,1.5,15.0,long
2025-08-04 16:00:00+00:00,2025-08-05 10:00:00+00:00,115301.0,114841.27,0.000008660615751572403279628991795,-0.004976140991362960249328594945,-0.4983228853175601252374220519,ranging,range_rsi_bb,signal_exit,-1.366232729984995793618442164,0.3633966747903313934831441184,-0.16610762843918672,1.5,3.0,1.5,18.0,long
2025-08-05 14:00:00+00:00,2025-08-06 05:00:00+00:00,113037.12,114148.01,0.000008833628239662652772310627669,0.008804848190521549452951911921,0.8817828957425666895971871895,ranging,range_rsi_bb,signal_exit,-0.3050502348255157243921288865,1.220749431691111733915372225,0.2939276319141889,1.5,3.0,1.5,15.0,long
2025-08-06 14:00:00+00:00,2025-08-07 08:00:00+00:00,115187.96,114948.74,0.000008669447256849077424728579412,-0.003070447211454694121678565812,-0.3074702772755069192995517934,ranging,range_rsi_bb,signal_exit,-0.8064731765368533308515924755,0.4584159663909318300280689058,-0.10249009242516897,1.5,3.0,1.5,18.0,long
2025-08-07 10:00:00+00:00,2025-08-12 12:00:00+00:00,116347.22,119264.66,0.000008582802746571226278507744581,0.02401618699353987492608034288,2.405021228698029914251496511,ranging,range_rsi_bb,signal_exit,-0.6144624684629336223074345910,5.146612011872737483542795436,0.8016737428993433,1.5,3.0,1.5,122.0,long
2025-08-13 10:00:00+00:00,2025-08-18 01:00:00+00:00,120496.0,116269.54,0.000008289282642094858818919986007,-0.03599811259523459087505333413,-3.604044565794715177267295180,ranging,range_rsi_bb,stop_loss,-3.593455384411100783428495552,2.863547337670960031868277785,-1.2013481885982384,1.5,3.0,1.5,111.0,long
2025-08-18 02:00:00+00:00,2025-08-22 05:00:00+00:00,115453.24,113241.99,0.000008648223472255172417299264192,-0.02010272618898713552008107704,-2.013362284159370494929375736,ranging,range_rsi_bb,signal_exit,-2.977456501004216079167635313,1.322405503734672149521312698,-0.6711207613864568,1.5,3.0,1.5,99.0,long
2025-08-22 14:00:00+00:00,2025-08-22 14:00:00+00:00,115808.23,115808.23,0.000008619977983032983847353778655,-0.0009982643928540198909806312898,-0.100,ranging,range_rsi_bb,signal_exit,0,0,-0.03333333333333333,1.5,3.0,1.5,0.0,long
2025-08-22 15:00:00+00:00,2025-08-23 23:00:00+00:00,116370.75,115438.05,0.000008578224426757508659020599966,-0.008991163423123982948723966558,-0.9006885750929679494202795805,ranging,range_rsi_bb,signal_exit,-1.556018157483731951542806075,0.9094209670385384643477849889,-0.3002295250309893,1.5,3.0,1.5,32.0,long
2025-08-25 01:00:00+00:00,2025-08-25 20:00:00+00:00,113066.94,109561.96,0.000008828084483190755060252220886,-0.03190948179091789884936398057,-3.196815939301090132977862494,ranging,trend_macd,stop_loss,-3.251993907326049506602018238,0.5309598013353859227109179748,-1.0656053131003633,1.5,3.0,1.5,19.0,long
2025-08-26 05:00:00+00:00,2025-08-26 23:00:00+00:00,110196.01,111763.22,0.000009055186333497473565183899163,0.01317934179138890403858202615,1.320779926605328087650360481,trending_down,range_rsi_bb,stop_loss,-0.7278666441734142642732708743,1.973746599355094617309646692,0.22012998776755469,1.5,6.0,1.5,18.0,long
2025-08-27 16:00:00+00:00,2025-08-28 01:00:00+00:00,112121.46,111647.7,0.000008900858026428346732232406038,-0.005210630825277957675318688685,-0.5221192267742499963878458237,ranging,range_rsi_bb,signal_exit,-1.069973580436787034346502445,0.4268050023608326184835623796,-0.17403974225808333,1.5,3.0,1.5,9.0,long
2025-08-28 04:00:00+00:00,2025-08-29 13:00:00+00:00,112965.9,109106.14,0.000008833861287942751232251265536,-0.03506041295117277562412532376,-3.513331137980576439438804100,ranging,trend_macd,stop_loss,-3.599227731554389421940603315,0.4603159006390424012910090567,-1.171110379326859,1.5,3.0,1.5,33.0,long
2025-08-30 03:00:00+00:00,2025-08-30 13:00:00+00:00,108436.2,108531.14,0.000009199644461333948567647446002,-0.0001250336558242142817356959093,-0.01253376639904386173620986350,trending_down,range_rsi_bb,stop_loss,-0.2916000376258113065562976202,0.3146827351013775842384738676,-0.0020889610665073104,1.5,6.0,1.5,10.0,long
2025-08-31 01:00:00+00:00,2025-08-31 08:00:00+00:00,109429.01,109011.67,0.000009116167974118947722622315848,-0.004798310237178024912444952726,-0.4809982928658497413071725679,ranging,range_rsi_bb,signal_exit,-0.8274953780537720299214988786,0.009622676838618936605567390219,-0.1603327642886166,1.5,3.0,1.5,7.0,long
2025-09-01 01:00:00+00:00,2025-09-01 07:00:00+00:00,108150.24,109432.99,0.000009223514005139242328812124483,0.01082210587420310044290727875,1.084895428803486705161264552,ranging,range_rsi_bb,signal_exit,-0.8277743997609251722418738969,1.186081510313800505666931483,0.36163180960116226,1.5,3.0,1.5,6.0,long
2025-09-02 03:00:00+00:00,2025-09-02 13:00:00+00:00,110322.18,111149.99,0.000009042909361996946781541293423,0.006480691513797825500428851159,0.6496064617287294359121619967,ranging,range_rsi_bb,signal_exit,-1.748324770232060316429570192,0.8645133734666954550753076127,0.2165354872429098,1.5,3.0,1.5,10.0,long
2025-09-03 14:00:00+00:00,2025-09-04 21:00:00+00:00,112261.37,110500.0,0.000008887280471216860265812037917,-0.01663583369565670422576557942,-1.667421304407740614603224600,ranging,range_rsi_bb,signal_exit,-2.611984870663880193159944512,0.2796153298325149604000022448,-0.5558071014692468,1.5,3.0,1.5,31.0,long
2025-09-04 22:00:00+00:00,2025-09-06 13:00:00+00:00,111490.73,110936.82,0.000008947218508086669927592777294,-0.005948529772946566785749688239,-0.5963247527395326947809921058,ranging,range_rsi_bb,signal_exit,-1.151458959861505974532591185,1.698697281827825506210247256,-0.19877491757984422,1.5,3.0,1.5,39.0,long
2025-09-06 16:00:00+00:00,2025-09-07 01:00:00+00:00,110267.99,110546.66,0.000009045892988875232674763622574,0.001520825742572286960558393938,0.1524679465001583868537006978,ranging,range_rsi_bb,signal_exit,-0.2430351727640995360484942185,0.2900841849026177043764015287,0.05082264883338613,1.5,3.0,1.5,9.0,long
2025-09-07 08:00:00+00:00,2025-09-08 02:00:00+00:00,111071.25,111240.0,0.000008980610607117413288300203430,0.0005164749160153224382101446994,0.05177757520510483135824977212,ranging,range_rsi_bb,signal_exit,-0.4046681747076763789009307089,0.4760457814240858908133292819,0.017259191735034943,1.5,3.0,1.5,18.0,long
2025-09-08 08:00:00+00:00,2025-09-09 05:00:00+00:00,111684.25,112200.0,0.000008931365081870990259794877716,0.003604252378789038119340222902,0.3613311635257433344450985703,ranging,range_rsi_bb,signal_exit,-0.5132773869189254527831811558,1.110380380402787322294772987,0.12044372117524778,1.5,3.0,1.5,21.0,long
2025-09-09 06:00:00+00:00,2025-09-10 06:00:00+00:00,113022.61,111792.33,0.000008825923000439806108739565241,-0.01184502704560084160910434168,-1.187437035828494847181462186,ranging,range_rsi_bb,signal_exit,-1.996016549255056134343384921,0.2394919034341889644912641816,-0.39581234527616493,1.5,3.0,1.5,24.0,long
2025-09-10 12:00:00+00:00,2025-09-13 20:00:00+00:00,113413.51,115905.88,0.000008794458463531214454852851573,0.02089971499341225965198316164,2.095397735243358573418634164,ranging,range_rsi_bb,signal_exit,-0.2279093557725177538372633031,2.867489067219593150763079284,0.6984659117477862,1.5,3.0,1.5,80.0,long
2025-09-14 13:00:00+00:00,2025-09-14 20:00:00+00:00,115348.1,115802.16,0.000008648771848415501846013226590,0.002925514884097835076948446637,0.2932495983895703526976170391,ranging,range_rsi_bb,signal_exit,-0.1788499333755822592656489357,0.4362100459392048937086956786,0.09774986612985678,1.5,3.0,1.5,7.0,long
2025-09-15 05:00:00+00:00,2025-09-15 18:00:00+00:00,116520.0,115307.79,0.000008562037892182090000299414234,-0.01136625762052582639477857772,-1.139304660144181256436663234,ranging,range_rsi_bb,signal_exit,-1.833161688980432543769309990,0.2042481977342945417095777549,-0.37976822004806043,1.5,3.0,1.5,13.0,long
2025-09-16 05:00:00+00:00,2025-09-16 12:00:00+00:00,115936.65,115439.36,0.000008604138489604899473729316491,-0.005272008270086976707402500907,-0.5285035922635335763108559718,ranging,range_rsi_bb,signal_exit,-0.6300854820283318519208550532,0.06293954500151591407893879977,-0.17616786408784452,1.5,3.0,1.5,7.0,long
2025-09-16 17:00:00+00:00,2025-09-17 22:00:00+00:00,116461.54,116559.69,0.000008564907114727754748940001443,-0.0001576772848609323993240132552,-0.01580752753226515809425154433,ranging,range_rsi_bb,signal_exit,-1.494682278802083503274986747,0.7085515097945639393056282787,-0.005269175844088386,1.5,3.0,1.5,29.0,long
2025-09-18 03:00:00+00:00,2025-09-20 21:00:00+00:00,117581.66,115786.31,0.000008483301696585185049095859810,-0.01621274590102855015539623035,-1.625369390090257273115552204,ranging,range_rsi_bb,signal_exit,-2.110584252680222408834847203,0.2707395013814229191865466094,-0.5417897966967524,1.5,3.0,1.5,66.0,long
2025-09-21 01:00:00+00:00,2025-09-21 07:00:00+00:00,115500.0,115815.97,0.000008634792799188676224920508513,0.001728288576972594276783026209,0.1732935324675324675324675325,ranging,range_rsi_bb,signal_exit,-0.05036363636363636363636363636,0.2735757575757575757575757576,0.05776451082251082,1.5,3.0,1.5,6.0,long
2025-09-22 20:00:00+00:00,2025-09-24 10:00:00+00:00,112781.88,112941.98,0.000008843050419021759789082134148,0.0004170207485212365285687310637,0.04181347216414551699262328309,trending_down,range_rsi_bb,stop_loss,-1.542109423960657509876586558,0.4509766994485284338228800584,0.0069689120273575865,1.5,6.0,1.5,38.0,long
2025-09-24 14:00:00+00:00,2025-09-25 17:00:00+00:00,113720.64,108833.63,0.000008770088010404681527349584481,-0.04381398832131960193058809241,-4.393084342472923121079867296,ranging,trend_macd,stop_loss,-4.455338978043035987134789252,0.1928937438269781105699018226,-1.4643614474909743,1.5,3.0,1.5,27.0,long
2025-09-26 04:00:00+00:00,2025-09-27 08:00:00+00:00,109338.01,109252.01,0.000009117615013446228317737503820,-0.001780232657781553105957166273,-0.1785765169861789143592424995,trending_down,range_rsi_bb,stop_loss,-0.6566243523181005397848378620,0.8798312681930099148502885684,-0.029762752831029818,1.5,6.0,1.5,28.0,long
2025-09-28 14:00:00+00:00,2025-10-02 15:00:00+00:00,109850.01,119910.78,0.000009074956653984428683584159877,0.09021286652486145761564005836,9.049484128403811706526016703,ranging,trend_macd,take_profit,-0.1254255689189286373301194966,9.158651874496870778618955064,3.016494709467937,1.5,3.0,1.5,97.0,long
2025-10-02 18:00:00+00:00,2025-10-04 18:00:00+00:00,120506.61,121574.66,0.000008279929274045669738051408125,0.007836748874828328440849917443,0.7854136300075157702967496970,trending_up,range_rsi_bb,stop_loss,-1.044183385459104691435598429,2.811779370442832969909285474,0.1309022716679193,1.5,6.0,1.5,48.0,long
2025-10-05 02:00:00+00:00,2025-10-06 01:00:00+00:00,124031.44,124035.32,0.000008045255100994981019301007052,-0.0009666802011416842627680386786,-0.09687488914101134357546763949,ranging,range_rsi_bb,signal_exit,-1.394654452129234329618361280,1.352060413069460452930321538,-0.032291629713670444,1.5,3.0,1.5,23.0,long
2025-10-06 12:00:00+00:00,2025-10-07 12:00:00+00:00,124556.64,124917.99,0.000008011254225722061158312748463,0.001894116939208460621002811328,0.1898188727634271444701783863,ranging,range_rsi_bb,signal_exit,-0.9905052030947527165151532668,1.319070585076797190418752465,0.06327295758780904,1.5,3.0,1.5,24.0,long
2025-10-07 14:00:00+00:00,2025-10-09 11:00:00+00:00,122725.36,122737.57,0.000008130950682981362583578113324,-0.0008986942207797703616518107709,-0.09006090509736536930916315911,ranging,range_rsi_bb,signal_exit,-1.752221382768809967230896695,1.199336469658756755734919009,-0.03002030169912179,1.5,3.0,1.5,45.0,long
2025-10-09 16:00:00+00:00,2025-10-09 22:00:00+00:00,119819.77,121686.19,0.000008328048558004457850791547402,0.01453022789047212374299594801,1.456131830331505393475550821,ranging,range_rsi_bb,signal_exit,-0.1404609606578280028412673468,1.625975412905566418630247746,0.48537727677716846,1.5,3.0,1.5,6.0,long
2025-10-10 15:00:00+00:00,2025-10-10 20:00:00+00:00,119018.98,114266.82,0.000008385302621882917496805698446,-0.04080646157294734860630251525,-4.088782158946413420783811120,ranging,trend_macd,stop_loss,-5.024391907912502694948318327,0.3674203895882824739381903626,-1.3629273863154712,1.5,3.0,1.5,5.0,long
2025-10-11 10:00:00+00:00,2025-10-13 13:00:00+00:00,112114.64,115345.79,0.000008898053817343578380199985140,0.02772459354488569253349209435,2.779123413320508365366021780,trending_down,range_rsi_bb,stop_loss,-2.277178074156952205349809802,3.433244757330532390774300305,0.46318723555341806,1.5,6.0,1.5,51.0,long
2025-10-14 02:00:00+00:00,2025-10-16 15:00:00+00:00,113647.05,108549.21,0.000008780512528636246196740165124,-0.04571476568736156821361153288,-4.581191689533516268130145041,ranging,trend_macd,stop_loss,-4.650679450104512171675375648,0.04659161852419398479766962715,-1.527063896511172,1.5,3.0,1.5,61.0,long
2025-10-17 02:00:00+00:00,2025-10-18 07:00:00+00:00,108972.97,106665.0,0.000009152932132717648125503996703,-0.02210099028028467828152634308,-2.215810948348016944018319405,trending_down,range_rsi_bb,stop_loss,-4.996413330755324003741478277,0.2450424173994707127831791682,-0.3693018247246695,1.5,6.0,1.5,29.0,long
2025-10-19 14:00:00+00:00,2025-10-20 02:00:00+00:00,108405.47,108767.02,0.000009198808776050446908890187960,0.002325302294860184599961050205,0.2331828642964234184861704856,ranging,range_rsi_bb,signal_exit,-0.5080555436916605776442830791,0.9636045118387476203922182156,0.07772762143214114,1.5,3.0,1.5,12.0,long
2025-10-20 03:00:00+00:00,2025-10-22 14:00:00+00:00,110145.44,108947.5,0.000009053706098326195280660621218,-0.01183217532857627553485435761,-1.186510762497294486271969134,ranging,range_rsi_bb,signal_exit,-3.120655743896433660803388683,3.499518454872031016445165592,-0.39550358749909814,1.5,3.0,1.5,59.0,long
2025-10-23 06:00:00+00:00,2025-10-23 22:00:00+00:00,110246.94,109943.94,0.000009044297466011630617221113539,-0.003734787830146858832899918476,-0.3745627225571975058899593948,ranging,range_rsi_bb,signal_exit,-1.416111866687637770263737025,0.9493868945478214633440166230,-0.12485424085239917,1.5,3.0,1.5,16.0,long
2025-10-26 09:00:00+00:00,2025-10-28 10:00:00+00:00,112528.83,114595.71,0.000008860562863749981328079302628,0.01729833767945649903460255840,1.734919211370099555820495068,ranging,range_rsi_bb,signal_exit,-0.3017004620060476946219026715,3.440158402073495298938058807,0.5783064037900332,1.5,3.0,1.5,49.0,long
2025-10-28 13:00:00+00:00,2025-10-29 15:00:00+00:00,115522.9,111509.74,0.000008632416218568174590154472382,-0.03560586595981337585904705416,-3.570434727660057010341672517,ranging,trend_macd,stop_loss,-3.567604345112527472907968896,0.4874358244123026689946322331,-1.190144909220019,1.5,3.0,1.5,26.0,long
2025-10-30 07:00:00+00:00,2025-10-31 06:00:00+00:00,111366.72,109650.0,0.000008951378804336082113241421019,-0.01634852970687529028916073410,-1.639960304119578990922961545,trending_down,range_rsi_bb,stop_loss,-4.545684743162050565914125872,0.09005383295835596127819872939,-0.27332671735326314,1.5,6.0,1.5,23.0,long
2025-11-02 07:00:00+00:00,2025-11-02 23:00:00+00:00,110895.53,110540.68,0.000008987938572631038326788050156,-0.004182902844114988316009952878,-0.4196658602921145694510860808,ranging,range_rsi_bb,signal_exit,-1.284262765144816928148501567,0.3196521987856498814695236138,-0.13988862009737152,1.5,3.0,1.5,16.0,long
2025-11-03 02:00:00+00:00,2025-11-03 15:00:00+00:00,109033.83,105745.71,0.000009141019650423371716982829276,-0.03102339314600806825285184894,-3.112672195409443105869068343,ranging,trend_macd,stop_loss,-3.230951347852313359991114684,0.1118093347725196849454889368,-1.0375573984698143,1.5,3.0,1.5,13.0,long
2025-11-03 19:00:00+00:00,2025-11-04 17:00:00+00:00,107090.0,101114.83,0.000009304044716214971137676584197,-0.05653402576677868414275207001,-5.673998347184611074796899804,trending_down,trend_macd,stop_loss,-5.873564291717247175273134746,0.1951629470538799140909515361,-0.9456663911974352,1.5,6.0,1.5,22.0,long
2025-11-05 02:00:00+00:00,2025-11-05 19:00:00+00:00,101677.93,104008.09,0.000009793716378783414181350445283,0.02180230042262698095613438014,2.189415057918665338682642339,trending_down,range_rsi_bb,stop_loss,-0.4931847058648813955988285757,2.804423732859235037534694107,0.3649025096531109,1.5,6.0,1.5,17.0,long
2025-11-06 16:00:00+00:00,2025-11-07 07:00:00+00:00,100867.2,102010.0,0.000009874595819116816389291258455,0.01027738058257859132981044888,1.031841867326544208622822879,ranging,range_rsi_bb,signal_exit,-0.3232269756670156403667396339,1.645529964150883537958821103,0.3439472891088481,1.5,3.0,1.5,15.0,long
2025-11-07 16:00:00+00:00,2025-11-08 02:00:00+00:00,101169.2,102846.65,0.000009846135041216551361631972273,0.01550375722045196984947276501,1.556405852769419942037695267,trending_down,range_rsi_bb,stop_loss,-0.2238527140671271493695709761,2.893331171937704360615681452,0.25940097546157,1.5,6.0,1.5,10.0,long
2025-11-09 13:00:00+00:00,2025-11-12 23:00:00+00:00,102911.39,101654.37,0.000009680956041736974378771019000,-0.01315326685100467736978285561,-1.320237118554127001879966833,ranging,trend_macd,end_of_simulation,-2.038452692165561071519877440,4.458797029172378295541436181,-0.44007903951804234,1.5,3.0,1.5,82.0,long
