entry_ts,exit_ts,entry_price,exit_price,position,pnl,pnl_pct,regime,strategy,exit_reason,mae,mfe
2024-11-16 04:00:00+00:00,2024-11-16 05:00:00+00:00,0.9486,0.9628290,105.4185114906177524773350200,1.398500000000000000000000000,1.398500000000000000000000000,trending_up,Trend MACD+ADX,take_profit,-0.4954670040059034366434745941,3.752899009065991988193126713
2024-11-23 00:00:00+00:00,2024-11-23 01:00:00+00:00,1.5799,1.564101,64.18032786885245901639344262,-1.114369515000000000000000000,-1.09900,trending_up,Trend MACD+ADX,stop_loss,-1.753275523767327046015570606,3.171086777644154693335021204
2024-11-24 11:00:00+00:00,2024-11-24 12:00:00+00:00,1.3833,1.369467,72.49629905660377358490566038,-1.102122594030150000000000000,-1.09900,ranging,Trend MACD+ADX,stop_loss,-7.648377069326971734258656835,1.445817971517385961107496566
2024-11-24 20:00:00+00:00,2024-11-24 21:00:00+00:00,1.4198,1.405602,69.85632334904201295957177067,-1.090010266721758651500000000,-1.09900,trending_down,Trend MACD+ADX,stop_loss,-1.338216650232427102408789970,1.591773489223834342865192281
2024-11-26 09:00:00+00:00,2024-11-26 10:00:00+00:00,1.3737,1.359963,71.40714684738159084843852370,-1.078031053890486523920015000,-1.099000000000000000000000000,ranging,Range RSI BB,stop_loss,-3.435975831695421125427677077,0.7643590303559729198514959598
2024-11-26 11:00:00+00:00,2024-11-26 12:00:00+00:00,1.3326,1.319274,72.80051521113432749855919631,-1.066183492608230077022134035,-1.099000000000000000000000000,ranging,Range RSI BB,stop_loss,-1.470808944919705838211016059,1.688428635749662314272850068
2024-11-26 12:00:00+00:00,2024-11-26 13:00:00+00:00,1.3271,1.3470065,72.29883435894007591557369525,1.341829746342325005844596545,1.398499999999999999999999999,ranging,Range RSI BB,take_profit,-0.8439454449551653982367568382,3.458669278878758194559565971
2024-11-28 15:00:00+00:00,2024-11-28 16:00:00+00:00,1.4343,1.4558145,67.83072775855239472453632260,1.360595235344922421051333229,1.398500000000000000000000001,ranging,Range RSI BB,take_profit,-0.02091612633340305375444467685,2.182249180785051941713727951
2024-12-02 14:00:00+00:00,2024-12-02 15:00:00+00:00,2.6177,2.6569655,37.68583415190305312849210403,1.379623159711221161109736124,1.398500000000000000000000001,trending_up,Trend MACD+ADX,take_profit,-0.5157199067884020323184474921,5.122817740764793521029911755
2024-12-04 16:00:00+00:00,2024-12-04 17:00:00+00:00,2.3801,2.356299,42.02757498388632550546763451,-1.099327845098434798257843051,-1.099000000000000000000000000,ranging,Range RSI BB,stop_loss,-2.197386664425864459476492584,1.546153522961220116801815050
2024-12-04 17:00:00+00:00,2024-12-04 18:00:00+00:00,2.4,2.4360,41.22104307252058689054403077,1.383543089686080978394219849,1.398500000000000000000000000,ranging,Range RSI BB,take_profit,-0.03333333333333333333333333333,3.02500
2024-12-12 19:00:00+00:00,2024-12-12 20:00:00+00:00,2.3464,2.3815960,42.75232120002364878780254590,1.402891939795340820877063013,1.398500000000000000000000000,ranging,Range RSI BB,take_profit,-0.04261847937265598363450392090,2.118138424821002386634844869
2024-12-15 21:00:00+00:00,2024-12-15 23:00:00+00:00,2.3706,2.4061590,42.90767670780850009979623585,1.422511383573378662257028740,1.398500000000000000000000001,ranging,Range RSI BB,take_profit,-0.1223318990972749514890744959,4.319581540538260356028009787
2024-12-16 11:00:00+00:00,2024-12-16 13:00:00+00:00,2.3504,2.3856560,43.88165835053786972380615444,1.442405205272652362848693286,1.398500000000000000000000000,ranging,Range RSI BB,take_profit,-0.2425119128658951667801225323,1.889040163376446562287270252
2024-12-18 19:00:00+00:00,2024-12-18 20:00:00+00:00,2.4024,2.378376,43.53224067281754135934177435,-1.149354586366221706364892639,-1.099000000000000000000000000,ranging,Range RSI BB,stop_loss,-6.435231435231435231435231435,0.7117882117882117882117882118
2024-12-18 20:00:00+00:00,2024-12-18 21:00:00+00:00,2.3304,2.3653560,44.38401150275087523829290512,1.446503518178058795579619238,1.398499999999999999999999999,ranging,Range RSI BB,take_profit,-0.4334019910744936491589426708,2.836422931685547545485753519
2024-12-23 01:00:00+00:00,2024-12-23 03:00:00+00:00,2.1512,2.1834680,48.75372067877868094593594519,1.466732869879778947835800213,1.398500000000000000000000000,ranging,Range RSI BB,take_profit,-0.9483079211602826329490516921,3.221457791000371885459278542
2024-12-26 04:00:00+00:00,2024-12-26 07:00:00+00:00,2.2562,2.233638,47.13488910294675888606205367,-1.168739647366812566612077928,-1.099000000000000000000000000,ranging,Range RSI BB,stop_loss,-1.014980941405903731938657920,0.04875454303696480808438968177
2024-12-26 08:00:00+00:00,2024-12-26 12:00:00+00:00,2.1876,2.165724,48.07871509723060195288038380,-1.155895198642251296505011192,-1.099000000000000000000000000,ranging,Range RSI BB,stop_loss,-1.503931248857195099652587310,0.7816785518376302797586396050
2024-12-29 16:00:00+00:00,2024-12-29 20:00:00+00:00,2.1487,2.127213,48.41117975895165148025136892,-1.143191910409172954756421119,-1.099000000000000000000000000,ranging,Range RSI BB,stop_loss,-1.512542467538511658211942105,0.1582352119886442965514031740
2024-12-29 21:00:00+00:00,2024-12-29 22:00:00+00:00,2.1102,2.089098,48.75268222805906576668547782,-1.130628231313776143983648051,-1.099000000000000000000000000,ranging,Trend MACD+ADX,stop_loss,-1.852904937920576248696805990,0.1232110700407544308596341579
2025-01-03 19:00:00+00:00,2025-01-03 21:00:00+00:00,2.4728,2.448072,41.14658759557443563445327046,-1.118202627051637744161267759,-1.099000000000000000000000000,trending_up,Trend MACD+ADX,stop_loss,-1.245551601423487544483985765,0
2025-01-04 02:00:00+00:00,2025-01-04 04:00:00+00:00,2.4838,2.458962,40.51416345087560459486060850,-1.105913580180340245352935426,-1.099000000000000000000000000,trending_up,Trend MACD+ADX,stop_loss,-1.682905225863596102745792737,0.09662613737015862790884934375
2025-01-05 01:00:00+00:00,2025-01-05 09:00:00+00:00,2.3886,2.364714,41.66589868504751170031057689,-1.093759589934158306056506665,-1.099000000000000000000000000,ranging,Range RSI BB,stop_loss,-1.800217700745206397052666834,1.134555806748723101398308633
2025-01-05 09:00:00+00:00,2025-01-05 18:00:00+00:00,2.3493,2.3845395,41.89733367776372883041984306,1.376535243038247039056155143,1.398500000000000000000000001,ranging,Trend MACD+ADX,take_profit,-0.9364491550674669050355425020,2.575235176435533988847741881
2025-01-07 15:00:00+00:00,2025-01-07 17:00:00+00:00,2.3139,2.290761,43.13321286667901602504926420,-1.096867294361772241232172802,-1.099000000000000000000000000,ranging,Range RSI BB,stop_loss,-1.223043346730627944163533428,1.395911664289727300229050521
2025-01-09 13:00:00+00:00,2025-01-09 14:00:00+00:00,2.2361,2.2696415,44.14340769994490538845727814,1.380446399300487539103723536,1.398500000000000000000000001,ranging,Range RSI BB,take_profit,-0.04472071910916327534546755512,1.909574705961271857251464604
2025-01-13 06:00:00+00:00,2025-01-13 08:00:00+00:00,2.4576,2.433024,40.72653009324027119068727344,-1.099983828725048722355781145,-1.099000000000000000000000000,ranging,Range RSI BB,stop_loss,-1.8188476562500,0.7771809895833333333333333333
2025-01-13 08:00:00+00:00,2025-01-13 09:00:00+00:00,2.4381,2.413719,40.60109779271655869565533081,-1.087895006447360436897091110,-1.099000000000000000000000000,ranging,Range RSI BB,stop_loss,-1.070505721668512366186784791,0.6234362823510110331815758172
2025-01-13 11:00:00+00:00,2025-01-13 12:00:00+00:00,2.3389,2.3739835,41.85798517336135846721970625,1.369154456684818715245937690,1.398499999999999999999999999,ranging,Range RSI BB,take_profit,-0.2565308478344520928641669161,2.214716319637436401727307709
2025-01-15 15:00:00+00:00,2025-01-15 16:00:00+00:00,2.9704,2.940696,33.42000941915556828515557118,-1.090986047805470103376144934,-1.099000000000000000000000000,trending_up,Trend MACD+ADX,stop_loss,-2.858200915701589011580931861,1.201858335577699973067600323
2025-01-16 12:00:00+00:00,2025-01-16 13:00:00+00:00,3.3386,3.305214,29.40747916218002454048102909,-1.078996111140087986940041101,-1.099000000000000000000000000,trending_up,Trend MACD+ADX,stop_loss,-2.465105133888456239142155394,1.491643203738093811777391721
2025-01-18 05:00:00+00:00,2025-01-18 06:00:00+00:00,3.0942,3.1406130,31.38155704857932323182403290,1.357954881268702275085580268,1.398500000000000000000000000,ranging,Range RSI BB,take_profit,-0.03231853144593109689095727490,2.152414194299011052937754508
2025-01-19 11:00:00+00:00,2025-01-19 12:00:00+00:00,3.054,3.099810,32.23928248231265364079747966,1.376945880283245076402652108,1.398500000000000000000000000,ranging,Range RSI BB,take_profit,-0.01637197118533071381794368042,1.951538965291421087098886706
2025-01-26 21:00:00+00:00,2025-01-26 23:00:00+00:00,3.0975,3.066525,32.23106201170818056348608716,-1.097194503248114321356425723,-1.099000000000000000000000000,ranging,Range RSI BB,stop_loss,-2.776432606941081517352703793,0.03874092009685230024213075061
2025-01-26 23:00:00+00:00,2025-01-27 00:00:00+00:00,3.0223,2.992077,32.66999307746351287894706987,-1.085136335657417544964718605,-1.099000000000000000000000000,ranging,Range RSI BB,stop_loss,-1.727161433345465374052873639,0.5657942626476524501207689508
2025-01-27 00:00:00+00:00,2025-01-27 01:00:00+00:00,2.9893,2.959407,32.66764250572393450944268245,-1.073210687328542526145556347,-1.099000000000000000000000000,ranging,Range RSI BB,stop_loss,-1.037032081089218211621449838,0.8028635466497173251262837454
2025-01-27 01:00:00+00:00,2025-01-27 02:00:00+00:00,2.9807,2.950893,32.40184287416781792965795092,-1.061416101874801843783216683,-1.099000000000000000000000000,ranging,Trend MACD+ADX,stop_loss,-1.288287986043546817861576140,0.2113597477102693998054148354
2025-01-31 18:00:00+00:00,2025-02-01 09:00:00+00:00,3.0315,3.001185,31.50874384072479401588264477,-1.049751138915197771520039131,-1.099000000000000000000000000,ranging,Range RSI BB,stop_loss,-2.800593765462642256308758041,1.359063170047831106712848425
2025-02-01 09:00:00+00:00,2025-02-01 19:00:00+00:00,2.9751,2.945349,31.75322033351551722215327165,-1.038214373898519748011033901,-1.099000000000000000000000000,ranging,Trend MACD+ADX,stop_loss,-2.272192531343484252630163692,1.115928876340291082652683943
2025-02-05 17:00:00+00:00,2025-02-05 18:00:00+00:00,2.3907,2.366793,39.08093505682164033112358916,-1.026804397929375015980392639,-1.099000000000000000000000000,ranging,Range RSI BB,stop_loss,-2.187643786338729242481281633,1.242313966620655038273309073
2025-02-05 18:00:00+00:00,2025-02-05 19:00:00+00:00,2.3671,2.4026065,39.03679060555706160434150309,1.292269758788161475523060255,1.398499999999999999999999999,ranging,Range RSI BB,take_profit,-0.5153985889907481728697562418,3.206455156098179206624139242
2025-02-06 15:00:00+00:00,2025-02-06 16:00:00+00:00,2.3158,2.292642,40.45956334795849468829770801,-1.029721862245213079170766556,-1.099000000000000000000000000,ranging,Range RSI BB,stop_loss,-1.286812332671215130840314362,1.118404007254512479488729597
2025-02-06 16:00:00+00:00,2025-02-06 17:00:00+00:00,2.3038,2.3383570,40.22334184345736128135648305,1.295941491121314608846047083,1.398500000000000000000000000,ranging,Range RSI BB,take_profit,-0.4253841479295077697716815696,2.916919871516624707005816477
2025-02-09 21:00:00+00:00,2025-02-09 22:00:00+00:00,2.3356,2.3706340,40.23055164843225874671823632,1.314065232874646193650759052,1.398500000000000000000000000,ranging,Range RSI BB,take_profit,-0.8648741222812125363932180168,2.757321459153964719986299024
2025-02-11 18:00:00+00:00,2025-02-11 19:00:00+00:00,2.3993,2.375307,39.71014115073272609614715617,-1.047089192875853796650119731,-1.099000000000000000000000000,ranging,Range RSI BB,stop_loss,-1.187846455216104697203350977,0.3834451715083566040095027716
2025-02-17 06:00:00+00:00,2025-02-17 07:00:00+00:00,2.6764,2.649636,35.20753716562441186886704232,-1.035581682646148163424934915,-1.099000000000000000000000000,ranging,Trend MACD+ADX,stop_loss,-1.520699447018382902406217307,0.4520998356000597817964429831
2025-02-21 17:00:00+00:00,2025-02-21 19:00:00+00:00,2.5688,2.543112,36.27914621123911077639785781,-1.024200639953866995108894880,-1.099000000000000000000000000,ranging,Range RSI BB,stop_loss,-2.382435378386795390843973840,0.6617876051074431641233260666
2025-02-21 19:00:00+00:00,2025-02-21 22:00:00+00:00,2.5257,2.5635855,36.49272286790876223118419538,1.288992837012468093330717383,1.398500000000000000000000000,ranging,Trend MACD+ADX,take_profit,-0.3919705428198123292552559686,1.825236568080136199865383854
2025-02-23 15:00:00+00:00,2025-02-23 17:00:00+00:00,2.522,2.559830,37.05736042208153404466004744,1.307019401838087459615947466,1.398500000000000000000000001,ranging,Range RSI BB,take_profit,-0.05947660586835844567803330690,1.665344964314036478984932593
2025-02-24 03:00:00+00:00,2025-02-24 04:00:00+00:00,2.4902,2.465298,38.05545031978464232601742314,-1.041474849425741602359531972,-1.099000000000000000000000000,ranging,Range RSI BB,stop_loss,-1.919524536181832784515299976,0.1124407678098144727331138061
2025-02-24 04:00:00+00:00,2025-02-24 08:00:00+00:00,2.4747,2.449953,37.87295734307268546405182654,-1.030029040830552702149600716,-1.099000000000000000000000000,ranging,Trend MACD+ADX,stop_loss,-1.188022790641289853315553400,1.224390835252757910049702994
2025-02-28 01:00:00+00:00,2025-02-28 02:00:00+00:00,2.0822,2.061378,44.51742315631131592341727712,-1.018709021671824927952976604,-1.099000000000000000000000000,ranging,Trend MACD+ADX,stop_loss,-2.799923158198059744501008549,1.205455767937758140428393046
2025-03-02 15:00:00+00:00,2025-03-02 16:00:00+00:00,2.5984,2.6373760,35.28150764870674149006560877,1.282081440599478365272693892,1.398500000000000000000000000,trending_up,Trend MACD+ADX,take_profit,-0.1346982758620689655172413793,15.41717980295566502463054187
2025-03-07 00:00:00+00:00,2025-03-07 01:00:00+00:00,2.4086,2.4447290,38.59401765133234055179738093,1.300011349546262070211032517,1.398500000000000000000000001,ranging,Range RSI BB,take_profit,-0.7514738852445403969110686706,3.964958897284729718508677240
2025-03-16 02:00:00+00:00,2025-03-16 09:00:00+00:00,2.371,2.34729,39.75434933131393400390982886,-1.035890609287353259380739544,-1.098999999999999999999999999,ranging,Range RSI BB,stop_loss,-1.417123576549978911851539435,1.054407423028258118937157318
2025-03-16 09:00:00+00:00,2025-03-16 11:00:00+00:00,2.3516,2.328084,39.64180628306599092698140189,-1.024506171491285247060145217,-1.099000000000000000000000000,ranging,Range RSI BB,stop_loss,-2.725803708113624766116686511,0.3359414866473890117366899133
2025-03-16 11:00:00+00:00,2025-03-16 13:00:00+00:00,2.2981,2.275119,40.11886579512062095506258190,-1.013246848666596022194954221,-1.099000000000000000000000000,ranging,Trend MACD+ADX,stop_loss,-1.322831904616857403942387189,1.044340977329097950480831992
2025-03-18 01:00:00+00:00,2025-03-18 06:00:00+00:00,2.2915,2.268585,39.79224029461056207490044305,-1.002111265799750131911031674,-1.099000000000000000000000000,ranging,Range RSI BB,stop_loss,-2.107789657429631245908793367,0.7287802749290857516910320751
2025-03-18 06:00:00+00:00,2025-03-18 07:00:00+00:00,2.2526,2.2863890,40.03454113881752324546006108,1.261192576059665434785185820,1.398500000000000000000000000,ranging,Range RSI BB,take_profit,-0.05327177483796501820118973630,1.646985705407085146053449347
2025-03-20 16:00:00+00:00,2025-03-20 18:00:00+00:00,2.4027,2.4387405,38.05843423871478682212033104,1.278830354235859855890656644,1.398500000000000000000000000,ranging,Range RSI BB,take_profit,-0.09156365755192075581637324676,1.906188870853623007449952137
2025-03-26 13:00:00+00:00,2025-03-26 17:00:00+00:00,2.4169,2.392731,38.36394981157510784616623610,-1.019012914992558700905856945,-1.099000000000000000000000000,ranging,Range RSI BB,stop_loss,-1.568124456948984236004799537,0.5254665066821134511150647524
2025-03-26 17:00:00+00:00,2025-03-26 19:00:00+00:00,2.389,2.36511,38.38544051260080345437141863,-1.007813963056790480782901577,-1.099000000000000000000000000,ranging,Trend MACD+ADX,stop_loss,-1.280870657178735872750104646,0.1758057764755127668480535789
2025-03-31 03:00:00+00:00,2025-03-31 05:00:00+00:00,2.0811,2.1123165,43.58031974510909085181414517,1.268369622850328207669370189,1.398500000000000000000000000,ranging,Range RSI BB,take_profit,-0.4709048099562731247897746384,1.624141079236942001825957426
2025-03-31 07:00:00+00:00,2025-03-31 09:00:00+00:00,2.0654,2.044746,44.52569625467069680419278963,-1.010677469757921460401383867,-1.099000000000000000000000000,ranging,Trend MACD+ADX,stop_loss,-1.529969981601626803524740970,0.6729931248184371066137309964
2025-04-02 22:00:00+00:00,2025-04-03 01:00:00+00:00,2.0191,2.0493865,45.04615698808327260610093796,1.271973447611325516029912978,1.398500000000000000000000000,ranging,Range RSI BB,take_profit,-0.9013917091773562478331930068,2.624931900351641820613144470
2025-04-06 07:00:00+00:00,2025-04-06 12:00:00+00:00,2.094,2.07306,44.04234432772218779131247222,-1.013549112554530370972741402,-1.099000000000000000000000000,ranging,Range RSI BB,stop_loss,-1.313276026743075453677172875,0.4106972301814708691499522445
2025-04-06 12:00:00+00:00,2025-04-06 13:00:00+00:00,2.0697,2.049003,44.06972986891613802195273490,-1.002410207807556082195750974,-1.099000000000000000000000000,ranging,Range RSI BB,stop_loss,-1.091945692612455911484756245,0.2222544330096149200367202976
2025-04-06 13:00:00+00:00,2025-04-06 14:00:00+00:00,2.0507,2.0814605,43.98922792309366303303253740,1.261568805180906124324029945,1.398500000000000000000000000,ranging,Range RSI BB,take_profit,-0.2438191836933729945872141220,2.155361583849417272150972839
2025-04-10 15:00:00+00:00,2025-04-10 17:00:00+00:00,1.9338,1.9628070,47.30079558748013285043119992,1.279211844921361096472701504,1.398500000000000000000000000,ranging,Range RSI BB,take_profit,-0.5326300548143551556520839797,1.644430654669562519391870928
2025-04-13 09:00:00+00:00,2025-04-13 10:00:00+00:00,2.2299,2.207601,41.59356489169489304571350998,-1.019316898968374957608975749,-1.099000000000000000000000000,trending_up,Trend MACD+ADX,stop_loss,-1.591999641239517467150993318,0.7892730615722678147002107718
2025-04-16 11:00:00+00:00,2025-04-16 13:00:00+00:00,2.0892,2.068308,43.90684159152884694860596408,-1.008114606248712516824853106,-1.099000000000000000000000000,trending_down,Trend MACD+ADX,stop_loss,-1.187057246793030825196247367,0.2345395366647520582040972621
2025-04-30 20:00:00+00:00,2025-05-01 10:00:00+00:00,2.1981,2.2310715,41.27294429133040104099118650,1.268747992972125363076915138,1.398500000000000000000000000,trending_down,Range RSI BB,take_profit,-0.4185432873845593922023565807,2.211000409444520267503753241
2025-05-02 07:00:00+00:00,2025-05-02 12:00:00+00:00,2.1945,2.2223,41.91880010924833897984946101,1.072186493554321239924895559,1.165536568694463431305536569,ranging,Range RSI BB,signal_exit,-0.03189792663476874003189792663,1.280473912052859421280473912
2025-05-03 10:00:00+00:00,2025-05-03 14:00:00+00:00,2.1846,2.2115,42.59955750860560337416668394,1.051719175551209438903114176,1.130115352925020598736610821,ranging,Range RSI BB,signal_exit,-0.05492996429552320790991485856,1.368671610363453263755378559
2025-05-04 23:00:00+00:00,2025-05-05 01:00:00+00:00,2.156,2.13444,43.65246405790863198984584968,-1.034320690472272606165483094,-1.098999999999999999999999999,ranging,Trend MACD+ADX,stop_loss,-1.043599257884972170686456401,0.5844155844155844155844155844
2025-05-09 07:00:00+00:00,2025-05-09 08:00:00+00:00,2.3384,2.3734760,39.80516242660739735030027747,1.301729279580026650425731232,1.398500000000000000000000001,trending_up,Trend MACD+ADX,take_profit,-0.1582278481012658227848101266,3.801744782757440985289086555
2025-05-10 13:00:00+00:00,2025-05-10 15:00:00+00:00,2.4083,2.3973,39.19035049535305593753597976,-0.5250448826913934963119507817,-0.5562969729684839928580326372,trending_up,Trend MACD+ADX,signal_exit,-0.7141967362870074326288253125,0.5190383257899763318523439771
2025-05-10 16:00:00+00:00,2025-05-10 23:00:00+00:00,2.4218,2.4581270,38.75508969166214019244196436,1.312591210870514185086012450,1.398499999999999999999999999,trending_up,Trend MACD+ADX,take_profit,-0.7267321826740440994301759022,2.279296391114047402758278966
2025-05-11 07:00:00+00:00,2025-05-11 16:00:00+00:00,2.3549,2.331351,40.41346444695650995929422130,-1.045914645013255359481530160,-1.099000000000000000000000001,ranging,Trend MACD+ADX,stop_loss,-1.129559641598369357509873031,1.456537432587371013631152066
2025-05-15 07:00:00+00:00,2025-05-15 08:00:00+00:00,2.4606,2.4975090,38.25235827892572134587516523,1.316320682644027949762091135,1.398500000000000000000000000,ranging,Range RSI BB,take_profit,-0.03251239535072746484597252703,1.662196212305941640250345444
2025-05-19 06:00:00+00:00,2025-05-19 09:00:00+00:00,2.2851,2.3193765,41.76625682191967874203427539,1.334729427390804680639513979,1.398499999999999999999999999,ranging,Range RSI BB,take_profit,-0.1050282263358277537088092425,1.662946916983939433722813006
2025-05-23 11:00:00+00:00,2025-05-23 12:00:00+00:00,2.3636,2.339964,40.94381574342505608988916766,-1.063555083773842493688941783,-1.099000000000000000000000000,ranging,Range RSI BB,stop_loss,-2.690810627855813166356405483,0.05500084616686410560162464038
2025-05-23 12:00:00+00:00,2025-05-23 20:00:00+00:00,2.3488,2.325312,40.74899855559673879443677405,-1.051866613403167964683300313,-1.099000000000000000000000000,ranging,Trend MACD+ADX,stop_loss,-1.030313351498637602179836512,1.451805177111716621253405995
2025-05-26 17:00:00+00:00,2025-05-27 01:00:00+00:00,2.3004,2.277396,41.14909632845698666131533411,-1.040306599321867148751430843,-1.099000000000000000000000000,ranging,Range RSI BB,stop_loss,-1.447574334898278560250391236,1.060685098243783689793079464
2025-05-27 01:00:00+00:00,2025-05-27 08:00:00+00:00,2.2856,2.3154,40.96039315482174701038605344,1.125780021703013787881656525,1.202511375568778438921946098,ranging,Range RSI BB,signal_exit,-0.1575078753937696884844242212,1.330066503325166258312915646
2025-05-28 06:00:00+00:00,2025-05-28 15:00:00+00:00,2.2886,2.265714,41.39860815186734193603950899,-1.041245952233835950315472023,-1.099000000000000000000000000,ranging,Range RSI BB,stop_loss,-1.590492003845145503801450669,1.157913134667482303591715459
2025-05-28 15:00:00+00:00,2025-05-28 19:00:00+00:00,2.2528,2.230272,41.59428651639282794944271496,-1.029802659218786093221504985,-1.099000000000000000000000000,ranging,Trend MACD+ADX,stop_loss,-1.167436079545454545454545455,0.6835937500
2025-05-30 01:00:00+00:00,2025-05-30 03:00:00+00:00,2.1931,2.2259965,42.25699056354519935765949719,1.296043176978680009307293360,1.398500000000000000000000000,ranging,Trend MACD+ADX,take_profit,-0.06383657835939993616342164060,1.732707126897998267292873102
2025-06-01 09:00:00+00:00,2025-06-01 16:00:00+00:00,2.1327,2.1646905,44.06144754625106987414560728,1.314168340808726849237455858,1.398500000000000000000000000,ranging,Range RSI BB,take_profit,-0.3985558212594363951798190088,1.974023538237914380831809443
2025-06-04 20:00:00+00:00,2025-06-05 12:00:00+00:00,2.202,2.2219,43.27157925644794894179282130,0.7649593052534124861879076742,0.8028201634877384196185286104,ranging,Range RSI BB,signal_exit,-0.8310626702997275204359673025,1.044504995458673932788374205
2025-06-05 16:00:00+00:00,2025-06-05 19:00:00+00:00,2.1674,2.145726,44.31529797358669191474379449,-1.055578255339190238655612545,-1.099000000000000000000000000,ranging,Trend MACD+ADX,stop_loss,-2.551444126603303497277844422,0.3506505490449386361539171357
2025-06-11 22:00:00+00:00,2025-06-12 03:00:00+00:00,2.2613,2.238687,42.00831317057117844485919056,-1.043977450313012537932787363,-1.099000000000000000000000000,ranging,Range RSI BB,stop_loss,-1.048069694423561668067041083,0.4510679697519126166364480608
2025-06-14 16:00:00+00:00,2025-06-15 03:00:00+00:00,2.1246,2.153,44.21981602292177034708994647,1.160637511153627706300069825,1.235385484326461451567353855,ranging,Range RSI BB,signal_exit,-0.7201355549279864445072013555,1.350842511531582415513508425
2025-06-20 14:00:00+00:00,2025-06-20 17:00:00+00:00,2.1354,2.114046,44.53969215765347053747652434,-1.045259544381650898633143797,-1.099000000000000000000000000,ranging,Range RSI BB,stop_loss,-2.350847616371639973775405076,0.4870281914395429427741875059
2025-06-20 17:00:00+00:00,2025-06-21 07:00:00+00:00,2.1178,2.1333,44.41628061623929081456899909,0.5936990981130857285310994401,0.6311596940220984040041552554,ranging,Range RSI BB,signal_exit,-0.4391349513646236660685617150,1.435451884030597790159599584
2025-06-21 17:00:00+00:00,2025-06-21 19:00:00+00:00,2.0951,2.074149,45.18089742121362026424768542,-1.040296895077159367413722330,-1.099000000000000000000000000,ranging,Trend MACD+ADX,stop_loss,-1.217125674192162665266574388,0.5345806882726361510190444370
2025-06-26 12:00:00+00:00,2025-06-26 13:00:00+00:00,2.1568,2.135232,43.40606513914479620187852531,-1.028864032200261385965845521,-1.099000000000000000000000000,ranging,Range RSI BB,stop_loss,-1.831416913946587537091988131,0.1437314540059347181008902077
2025-06-26 13:00:00+00:00,2025-06-26 16:00:00+00:00,2.1234,2.102166,43.60428428930358625894591592,-1.017556816486380513334080879,-1.099000000000000000000000000,ranging,Trend MACD+ADX,stop_loss,-1.309221060563247621738720919,1.003108222661768861260243006
2025-07-05 18:00:00+00:00,2025-07-06 04:00:00+00:00,2.2045,2.2203,41.53857130570236087498828623,0.5640813367600463499740784305,0.6159990927647992742118394194,ranging,Range RSI BB,signal_exit,-0.1406214561124971648899977319,0.8119755046495804037196643230
2025-07-10 08:00:00+00:00,2025-07-10 10:00:00+00:00,2.4498,2.442,37.60954436287897007873530714,-0.3851969533646064115464070157,-0.4180749448934606906686260103,trending_up,Trend MACD+ADX,signal_exit,-0.9470160829455465752306310719,0.2694097477345089395052657360
2025-07-10 17:00:00+00:00,2025-07-10 21:00:00+00:00,2.4966,2.5340490,36.75024626564779880130551486,1.283133047603025878405440787,1.398500000000000000000000000,trending_up,Trend MACD+ADX,take_profit,-0.5888007690459024273011295362,2.851878554834575022029960747
2025-07-23 12:00:00+00:00,2025-07-23 13:00:00+00:00,3.3459,3.312441,27.80531333106767099009079446,-1.022441438639868330819535233,-1.099000000000000000000000000,ranging,Range RSI BB,stop_loss,-3.750859260587584805284079022,0.7083295974177351385277503811
2025-07-23 13:00:00+00:00,2025-07-23 14:00:00+00:00,3.2634,3.3123510,28.19493670275769198839408407,1.286778819754375636708429676,1.398499999999999999999999999,ranging,Range RSI BB,take_profit,-0.4136789851075565361279646994,2.497395354538211681068823926
2025-07-23 14:00:00+00:00,2025-07-23 15:00:00+00:00,3.3038,3.270762,28.23964382091344139222522055,-1.025346506458316766111254183,-1.099000000000000000000000000,ranging,Range RSI BB,stop_loss,-1.177432047944790846903565591,0.8263212058841334221199830498
2025-07-24 11:00:00+00:00,2025-07-24 13:00:00+00:00,3.1685,3.136815,29.12191533819646864621190767,-1.014077948352339864851691500,-1.099000000000000000000000000,trending_down,Trend MACD+ADX,stop_loss,-1.161432854663089790121508600,0.7574562095628846457314186524
2025-07-25 10:00:00+00:00,2025-07-25 12:00:00+00:00,3.1286,3.097314,29.16918455562333664919476378,-1.002933231699947649736971410,-1.099000000000000000000000000,trending_down,Trend MACD+ADX,stop_loss,-1.006840120181550853416863773,0.7926868247778559099916895736
2025-07-25 19:00:00+00:00,2025-07-25 20:00:00+00:00,3.0707,3.1167605,29.39257419123431901225576141,1.262227049302789779122208725,1.398500000000000000000000000,trending_down,Trend MACD+ADX,take_profit,0,2.028853355912332692871332270
2025-07-31 20:00:00+00:00,2025-07-31 22:00:00+00:00,3.0514,3.020886,29.99213627132660849775708700,-1.005782870755402884738915168,-1.099000000000000000000000000,ranging,Range RSI BB,stop_loss,-1.156846037884249852526709052,0.5276266631710034738152978960
2025-08-14 12:00:00+00:00,2025-08-14 13:00:00+00:00,3.1011,3.070089,29.18713416128812688572347235,-0.9947293170058010070356344905,-1.099000000000000000000000000,ranging,Range RSI BB,stop_loss,-2.044435845345200090290542066,1.118957789171584276547031698
2025-08-14 13:00:00+00:00,2025-08-14 16:00:00+00:00,3.1125,3.081375,28.76064013833407527013057851,-0.9837972418119072539683128675,-1.099000000000000000000000000,ranging,Trend MACD+ADX,stop_loss,-2.081927710843373493975903614,0.9349397590361445783132530120
2025-08-18 01:00:00+00:00,2025-08-18 02:00:00+00:00,3.0415,3.011085,29.10856327100210489045310299,-0.9729853101243943932472011090,-1.099000000000000000000000000,ranging,Range RSI BB,stop_loss,-1.200065757027782344238040441,0.1019233930626335689626828867
2025-08-18 02:00:00+00:00,2025-08-18 03:00:00+00:00,3.0102,2.980098,29.08800407900754356224367538,-0.9622922015661272988654143688,-1.099000000000000000000000000,ranging,Range RSI BB,stop_loss,-1.438442628396784266826124510,0.1926782273603082851637764933
2025-08-18 03:00:00+00:00,2025-08-18 06:00:00+00:00,2.9901,2.960199,28.96171287818547216889083886,-0.9517166102709155598508834651,-1.099000000000000000000000000,ranging,Trend MACD+ADX,stop_loss,-1.157151934717902411290592288,0.5049998327815123240025417210
2025-08-19 14:00:00+00:00,2025-08-19 16:00:00+00:00,2.9429,2.913471,29.10282410778193780704394094,-0.9412572447240381978481222556,-1.099000000000000000000000000,ranging,Range RSI BB,stop_loss,-1.182507050868191239933399028,0.8359101566482041523667131061
2025-08-19 16:00:00+00:00,2025-08-19 19:00:00+00:00,2.911,2.88189,29.09840048851508985726605687,-0.9309128276045210180537713921,-1.099000000000000000000000000,ranging,Trend MACD+ADX,stop_loss,-1.377533493644795602885606321,0.7763655101339745791824115424
2025-08-22 14:00:00+00:00,2025-08-22 16:00:00+00:00,3.005,3.050075,27.87837969865654095056496511,1.171586815957563734206921366,1.398499999999999999999999999,trending_up,Trend MACD+ADX,take_profit,-0.006655574043261231281198003328,2.249584026622296173044925125
2025-08-25 06:00:00+00:00,2025-08-25 08:00:00+00:00,2.9551,2.925549,28.74559839275167313818640368,-0.9335578347365209575042945102,-1.099000000000000000000000000,ranging,Range RSI BB,stop_loss,-1.157321241243951135325369700,0.4433014111197590606070860546
2025-08-25 08:00:00+00:00,2025-08-25 19:00:00+00:00,2.9448,2.915352,28.52912251279677680424828410,-0.9232980341327665921813223138,-1.099000000000000000000000000,ranging,Trend MACD+ADX,stop_loss,-2.458571040478130942678619940,1.005161640858462374354794893
2025-08-31 23:00:00+00:00,2025-09-01 02:00:00+00:00,2.7757,2.747943,29.93452532390070315270707378,-0.9131509887376474873332495813,-1.099000000000000000000000000,ranging,Range RSI BB,stop_loss,-1.704074647836581763158842814,0.1296970133659977663292142523
2025-09-01 02:00:00+00:00,2025-09-01 05:00:00+00:00,2.7334,2.706066,30.06369757547872036790655415,-0.9031154593714207414474571685,-1.099000000000000000000000000,ranging,Range RSI BB,stop_loss,-1.170703153581619960488768567,0.5012072876271310455842540426
2025-09-04 06:00:00+00:00,2025-09-04 12:00:00+00:00,2.8146,2.8463,28.87550468750163913600096566,0.8331651496017660451384310628,1.025143892560221701129823065,ranging,Range RSI BB,signal_exit,-0.01065870816457045406096781070,1.460243018546152206352590066
2025-09-08 07:00:00+00:00,2025-09-08 10:00:00+00:00,2.9106,2.9542590,28.20935911600490605281617158,1.148254656592968655609214585,1.398500000000000000000000000,trending_up,Trend MACD+ADX,take_profit,-0.2508073936645365216793788222,1.525458668315811172954030097
2025-09-09 08:00:00+00:00,2025-09-09 14:00:00+00:00,3.0242,2.993958,27.52940126302389002477877244,-0.9149660241430089618601662401,-1.099000000000000000000000000,trending_up,Trend MACD+ADX,stop_loss,-2.377488261358375768798359897,0.1917862575226506183453475299
2025-09-14 22:00:00+00:00,2025-09-14 23:00:00+00:00,3.051,3.0279,26.98769232235130752247649864,-0.7051317262291627278165137088,-0.8563716814159292035398230088,trending_down,Trend MACD+ADX,signal_exit,-0.8521796132415601442150114716,0
2025-09-15 01:00:00+00:00,2025-09-15 08:00:00+00:00,3.04,3.0096,26.85339393067916990896686962,-0.8971611498664187949906195272,-1.099000000000000000000000000,trending_down,Trend MACD+ADX,stop_loss,-2.779605263157894736842105263,0.8848684210526315789473684211
2025-09-19 03:00:00+00:00,2025-09-19 14:00:00+00:00,3.047,3.01653,26.49726169983533236897560358,-0.8873013488293868524336726186,-1.099000000000000000000000000,ranging,Trend MACD+ADX,stop_loss,-1.378404988513291762389235313,0.2166064981949458483754512635
2025-09-29 14:00:00+00:00,2025-09-29 16:00:00+00:00,2.908,2.87892,27.45868468038819493666952940,-0.8775499070057518909254265566,-1.099000000000000000000000000,trending_up,Trend MACD+ADX,stop_loss,-1.066024759284731774415405777,0.1100412654745529573590096286
2025-09-29 20:00:00+00:00,2025-09-29 21:00:00+00:00,2.9056,2.8939,27.17934510722849634667867736,-0.3966526445603819528337939495,-0.5022680341409691629955947136,trending_up,Trend MACD+ADX,signal_exit,-0.5093612334801762114537444934,0.09636563876651982378854625551
2025-10-02 01:00:00+00:00,2025-10-02 11:00:00+00:00,2.9701,2.9715,26.45555789333784621126419009,-0.04157490922938042532100167472,-0.05291067640820174404902191844,trending_up,Trend MACD+ADX,signal_exit,-0.5488030706036833776640517154,0.8787582909666341200632975321
2025-10-02 16:00:00+00:00,2025-10-02 19:00:00+00:00,3.0449,3.0905735,25.79200551406396157731116599,1.098299075092980392145465449,1.398500000000000000000000000,trending_up,Trend MACD+ADX,take_profit,-0.4532168544122959703110118559,1.803014877335873099280764557
2025-10-04 14:00:00+00:00,2025-10-05 02:00:00+00:00,2.967,3.0051,26.83935849843826659888784455,0.9419246025668411224613090153,1.182841253791708796764408493,ranging,Trend MACD+ADX,signal_exit,-0.9437141894169194472531176272,1.341422312099764071452645770
2025-10-07 14:00:00+00:00,2025-10-07 15:00:00+00:00,2.9098,2.880702,27.69066646073035195592877304,-0.8855115709290906275537633662,-1.099000000000000000000000000,ranging,Trend MACD+ADX,stop_loss,-2.055124063509519554608564162,0.2440030242628359337411505945
2025-10-10 15:00:00+00:00,2025-10-10 17:00:00+00:00,2.7417,2.714283,29.06546657055990352475025729,-0.8757797987645799215569475067,-1.099000000000000000000000000,ranging,Trend MACD+ADX,stop_loss,-1.116095852937958201116095853,0.8388955757376810008388955757
2025-10-14 06:00:00+00:00,2025-10-14 07:00:00+00:00,2.4658,2.441142,31.96245027891130974622874236,-0.8661549787761571882190366537,-1.099000000000000000000000000,ranging,Range RSI BB,stop_loss,-1.042258090680509368156379268,0.6164328007137642955633060264
2025-10-14 07:00:00+00:00,2025-10-14 10:00:00+00:00,2.4524,2.427876,31.78390756767385026261286750,-0.8566359355594072207205094409,-1.099000000000000000000000000,ranging,Trend MACD+ADX,stop_loss,-1.647365845702169303539389985,0.9337791551133583428478225412
2025-10-22 21:00:00+00:00,2025-10-23 01:00:00+00:00,2.3412,2.3763180,32.92765205168458190812885991,1.078106712482904145138908346,1.398500000000000000000000000,ranging,Trend MACD+ADX,take_profit,-0.3716043054843669912865197335,1.520587732786605159747138220
2025-10-25 12:00:00+00:00,2025-10-25 14:00:00+00:00,2.5799,2.6185985,30.29897503619785546278933105,1.093184034856977559608675980,1.398500000000000000000000001,trending_up,Trend MACD+ADX,take_profit,-0.3333462537307647583239660452,1.565952168688708864684677701
2025-11-03 03:00:00+00:00,2025-11-03 06:00:00+00:00,2.4294,2.405106,32.62596103183659540135789543,-0.8710839919408746352999669940,-1.099000000000000000000000000,ranging,Range RSI BB,stop_loss,-1.716473203260064213386021240,0.9878982464806124969128179797
2025-11-03 06:00:00+00:00,2025-11-03 10:00:00+00:00,2.4083,2.384217,32.55010826674540141708213435,-0.8615107788694444230580203567,-1.099000000000000000000000000,ranging,Trend MACD+ADX,stop_loss,-1.104513557281069634181787983,0.8387659344766017522733878670
2025-11-06 15:00:00+00:00,2025-11-06 16:00:00+00:00,2.2343,2.211957,34.69942038219285942339922293,-0.8520427754096692288486127128,-1.099000000000000000000000000,ranging,Range RSI BB,stop_loss,-1.105491652866669650449805308,0.6892539050261826970415790180
2025-11-06 16:00:00+00:00,2025-11-06 19:00:00+00:00,2.2283,2.206017,34.41047982072604073995973212,-0.8426788253079169640235664592,-1.099000000000000000000000000,ranging,Range RSI BB,stop_loss,-1.135394695507786204730063277,1.014226091639366333079028856
2025-11-12 08:00:00+00:00,2025-11-12 12:00:00+00:00,2.4055,2.4415825,31.52533500694904161996620438,1.060541194128634635841349435,1.398500000000000000000000001,trending_down,Range RSI BB,take_profit,-0.1496570359592600290999792143,1.754313032633548118894200790
2025-11-12 16:00:00+00:00,2025-11-12 21:00:00+00:00,2.3379,2.3729685,32.89051480103706499536766075,1.075372862728523591223590706,1.398500000000000000000000000,ranging,Trend MACD+ADX,take_profit,-0.9110740408058514051071474400,2.429530775482270413619059840
